日期,標題,網址,內容
"2014-04-24 22:11:41","停建核四 新竹護城河畔綁黃絲帶",http://news.ltn.com.tw/news/life/breakingnews/994700,"〔記者何宗翰／新竹報導〕民進黨前主席林義雄日前開始無限期禁食，訴求停建核四，荒野保護協會等團體今晚也發起靜坐活動支持，在新竹護城河畔綁上黃絲帶，眾人在最後大合唱「美麗島」的歌聲中宣示，「林義雄坐多久，我們就坐多久！」宣示未來每晚將持續靜坐。 荒野保護協會志工周江杰表示，很多民眾都是在網路上看到訊息自發性加入，其實並沒有所謂主辦單位，未來每晚七點半起都會在誠品前的護城河畔舉行，雖然無法像林義雄採取禁食的方式，但可以用精神支持，也歡迎民眾寫下對林義雄的支持鼓勵，會將卡片蒐集轉贈給他。 晚間參與民眾約五十人，新竹教育大學的奧地利籍講師顧孚佑，也在現場分享奧地利反核經驗，表示奧地利人民三十多年前也是用公投廢掉了核電廠，遺址成為博物館；他已經七十歲，在台灣住了三十五年，很希望看到台灣的核電廠有廢掉的一天。"
"2014-06-30 19:58:14","民間憂危害飲用水源 追查盜採者不易",http://news.pts.org.tw/detail.php?NEENO=272620,"新竹縣竹東附近的農地日前被人發現，被盜採砂石，還回填建築廢土，民間團體擔心，會威脅到飲用水源。雖然回填行為已經停止，但對於盜採砂石的行為，現在卻因為找不到盜採的人，無法開罰。  \r 農地上出現一個隕石坑，其實是被盜採砂石後的坑洞，面積有一公頃，深度超過20公尺，這裡是新竹縣竹東鎮軟橋聚落的農地，但地籍上屬於橫山鄉，業者賺取土石暴利，還回填廢土再賺一筆，但隔一個堤防，就是頭前溪上游的上坪溪，這攸關十幾萬新竹市民的飲用水安危。  \r ==荒野保護協會新竹分會鄉土關懷組 周江杰== \r 如果你埋了任何 \r 有毒的事業廢棄物進去 \r 甚至是醫療事業廢棄物進去的話 \r 這就會直接影響到 \r 我們新竹市民 \r 超過十萬人的用水安全  \r 新竹縣環保局表示，回填的是營建廢棄土方，不是有毒物質。另外，地政處已經依照區域計畫法，開罰24萬，但罰則更高的土石採取法，卻因查不到盜採者，反而無用武之地，地主也不用負責。  \r ==新竹縣工務處水利科長 洪佩華== \r 因為土石採取法 \r 是針對開採行為人去處分 \r 因為警察局的單位筆錄 \r 只有查到填土行為人 \r 並沒有抓到開採行為人 \r 所以不能依 \r 土石採取法第36條做處分  \r 軟橋事件，檢調單位已經介入偵辦，雖然回填廢土的惡行已經停止，但這巨大的坑洞該如何處理？被盜採的砂石，有一部分還堆置在旁邊，民間團體希望能回填坑洞，恢復農地原狀，並且嚴懲不法份子，才不會有更多的農地受害。 (2014-06-30 19:00)                    \t\t\t\t                                  晚間新聞"
"2014-08-29 03:49:51","選舉領表首日夯 門沒開就有人排隊",http://udn.com/NEWS/DOMESTIC/DOM3/8901359.shtml,"【聯合報╱記者羅緗綸、蔡昕穎、林麒瑋、郭政芬、李青霖／新竹報】 2014.08.29 03:44 am 九合一選舉領表首日，新竹縣、市領表者踴躍。 新竹市長許明財由兒子許登輝代領，搶得8點05分的頭香，蔡仁堅下午託人代領，林智堅則網路下載填寫新竹縣長邱鏡淳委由陳姓秘書代領，另有莊、郭、葉姓男子領表，未透露代領或參選，鄭永金昨未領表，但幕僚強調「一定選」。 新竹縣有4人領取縣長表格，48人領議員表；竹市長3人領表（1網路）、34人領議員表格；領表者多集中上午，多數人單槍匹馬，不少老將找人代領，也冒出新面孔，但是否登記則未定？ 新竹市議員參選激烈，東區現任議員多人領表，名媛王瑄請妹妹王敏代領，到底誰出馬？引人好奇；新黨推前議員謝治，也有科技人領表。 領表的新竹縣議員，竹北有10人、湖口5人、新豐6人、關西2人、新埔2人、橫山2人、竹東8人、峨眉北埔6人、尖石1人、五峰4人、平地原住民2人，芎林和寶山選區尚掛零。綠黨昨天也宣布推出新生代周江杰角逐竹東鎮、五峰鄉選區縣議員。 新竹市市議員領表以西區呂於台最早到，部分議員也以臉書，上傳領表時自拍照。 新竹縣鄉鎮市選務中心領表統計：竹北市長1人、代表25人、里長47人；湖口鄉長1人、代表17人、村長32人；新豐鄉長1人、代表14人、村長27人領表。 竹東選情激烈，一上午領走近40份表格、寶山鄉領了30份；竹東鎮代陳昌平說，「光領表就熱鬧」，他搶得頭香；民進黨主委林昭錡也領表。 橫山鄉村長13人、民代9人領表，鄉長1名領表；芎林鄉村長與民代各14人領表，鄉長1人。 新竹市東區里長競爭激烈，未開門就有里長等在門外，龍山里長陳萬福搶頭香，新莊里分出來的「關新里」，最多人搶，已5人領表，柴橋里4人搶一席。東區總計53里，預估過百人參選。"
"2014-08-30 21:39:50","綠黨12參選人亮相 要選民「挺好的」",http://udn.com/NEWS/BREAKINGNEWS/BREAKINGNEWS1/8904811.shtml,"【聯合報╱記者李昭安╱即時報導】 2014.08.30 09:30 pm 「九合一選戰，綠黨絕不缺席！」九合一選舉後天起辦理候選人登記，綠黨今召集全台12位參選人，共同簽署「政治代理人公約」，承諾若能當選，公費助理名額將保留三分之二給公民團體推薦、薪水三分之一由政黨統籌支用、問政資料公開上網。 綠黨參選人並提出共同政見，包括廢除核四、核電歸零、開放議會、選制改革、多元成家、友善校園、推動簽署兩岸人權協議等。 綠黨共同召集人李根政說，過去台灣選民一直「含淚投票」給國民黨、民進黨兩政黨中「爛得沒那麼徹底的」，讓兩黨候選人有機會「擺爛到底」。綠黨今年選舉主打「挺好的」，希望選民支持綠黨參選人，改變政治現況。 李根政說，綠黨1996年創黨至今，都未突破議員當選門檻，但綠黨年輕夥伴長期默默耕耘，積極拜會公民團體、連結社會議題，希望投身促成改變。 綠黨十二位參選人包括：桃園市長參選人呂東杰、澎湖縣議員參選人傅靜凡、基隆市議員參選人張明麗、新北市議員參選人王鐘銘、楊木萬、桃園市議員參選人湯琳翔、王浩宇、羅岳峰、新竹市議員參選人楊志翔、新竹縣議員參選人周江杰、高雄市議員參選人梁益誌、台北市里長參選人張安東。"
"2014-08-31 10:40:28","綠黨推12位參選人 挑戰藍綠2顆爛蘋果",http://www.stormmediagroup.com/opencms/news/detail/d5030725-3036-11e4-94ac-ef2804cba5a1/?uuid=d5030725-3036-11e4-94ac-ef2804cba5a1,"綠黨於30日下午舉行2014參選說明記者會，公佈由全台及離島共12位擬參選人名單，綠黨表示，台灣人民不應再受制於國、民2大黨，要「挺好的」，並於會中共同發表「代理人公約」，確立公職人員僅為選民的代理人，當選人的部分助理由公民團體推派、部分薪資由政黨統籌支用。   本次公佈的12位擬參選人名單為:桃園市長呂東杰、澎湖縣議員傅靜凡、基隆市議員張明麗、新北市議員王鐘銘、楊木萬、桃園市議員湯琳翔、王浩宇、羅岳峰、新竹市議員楊志翔、新竹縣議員周江杰、高雄市議員梁益誌、台北市里長張安東。   1996創黨 尚未突破議員門檻   綠黨共同召集人李根政表示，台灣綠黨從1996年創黨到現在，尚未突破議員當選的門檻，但有許多長期默默耕耘的年輕夥伴，積極拜會公民團體，連結廣大社會，他們沒有國民黨、民進黨2大黨的政治勢力，唯一能夠跟大家確保的是，他們過去的努力，以及與公民社會的聯結。   綠黨本次的競選口號為「挺好的！」李根政說，台灣選民為了讓自己的選票發揮影響力，一直以來都在含淚投給2個政黨中爛的沒那麼徹底的，讓2大黨候選人有機會永遠擺爛到底，綠黨的出線，讓民眾有機會挺好的候選人。   桃園市議員擬參選人王浩宇說，在民間處理鄉民們的問題，看到馬路破洞了，可以今天補一個，但明天整條馬路又被挖翻了，因為背後有人在包庇，所以不應只選綠的、藍的，要挺好的！   新竹縣議員周江杰說，在新竹縣水源街發現被挖了隕石大小的坑洞，處理過程中，選區的縣議員沒有一個人現身關心，他認為，只有透過親自參政才能打破這樣的政治結構。   陳尚志:民選公職形同「惡僕在欺主」   最後，綠黨的12位擬參選人共同簽署「綠黨政治代理人公約」，出席的中正大學政治系助理教授陳尚志表示，以往民選公職一旦當選成了新的統治階層，領高額助理費用、享受政治獻金，大家都不知道他們在幹嘛，形成「主人在挑公僕，惡僕在欺主」的情況，政治代理人公約則確立候選人與選民的關係。   陳尚志補充代理人公約的內容，第一，公職人員僅是選民的代理人；第二，要遵守綠黨憲章的宗旨；第三，競選經費公開透明，所有募款所得金額都要用於競選活動；第四，資訊公開與課責，問政記錄要在網上公開，跟選民、公民團體溝通；第五，當選的資源分配重新調整，當選人3分之2的助理由公民團體推派，當選人薪資的3分之1由政黨統籌支用。"
"2014-08-31 06:09:48","「洪崇晏禁入」 華山臨時拒租綠黨",http://news.ltn.com.tw/news/politics/paper/809204,"〔記者陳彥廷、楊明怡／台北報導〕台灣綠黨原訂昨於台北市華山文創園區內的「台北紅館」舉行參選說明暨記者會，卻臨時遭拒租而緊急更動場地。綠黨指出，台北紅館臨時致電要求，積極參與社運的綠黨青年黨部成員洪崇晏不得登台、甚至不得出現，否則取消租借。對此，洪表示錯愕，也擔心將造成寒蟬效應，並批評︰「這是非常惡劣的做法！非常荒謬！」 負責華山文創園區經營的台灣文創發展公司董事長王榮文，則以「二房東」和「房客」比喻他和「台北紅館」的關係。他表示，對於相關細節並不清楚，但原則上，華山文創園區只做跟文化創意產業有關的活動，純粹政治活動「是不歡迎的」。對於台北紅館收了訂金又反悔的做法，他認為，當初「台北市文化藝術促進協會」承租台北紅館，按規定不能舉辦這樣的活動，「我們會跟他檢討」。 積極參與社運的洪崇晏，在反苗栗大埔拆遷、反媒體壟斷，一直到今年的太陽花學運都有他的身影。四一一路過中正一分局事件，洪被指控為首謀並遭移送偵辦。 綠黨指出，本月七日前往台北紅館首次場勘時，就確認該場館可供政黨活動使用，後續遞送申請書、交付訂金等多次往返皆未隱瞞任何活動細節；二十八日卻遭台北紅館通知不能提供政治活動使用，要求改名，二十九日再被告知洪崇晏不得出席活動，當綠黨希望再協商，對方就突然片面決定拒租場地。 洪崇晏說，對於這種愚蠢的場地管理政策並不擔心，因事發後，綠黨與他都收到許多咖啡廳表達歡迎他們的訊息，但他擔心此事造成寒蟬效應。 綠黨昨也改至台大校友會館召開記者會，年底九合一選舉，綠黨推出桃園市長參選人呂東傑，以及傅靜凡、張明麗、王鍾銘、楊木萬、湯琳翔、王浩宇、羅岳峰、楊志翔、周江杰、梁益誌等十名直轄市及縣市議員參選人，還有里長參選人張安東等共十二人。"
"2014-09-04 15:19:43","綠黨竹縣議員參選人周江杰 偕妻著婚紗登記",http://news.ltn.com.tw/news/politics/breakingnews/1098015,"〔記者黃美珠／竹縣報導〕「選舉跟結婚一樣，要選對人！」這是綠黨提名、新竹縣竹東選區縣議員參選人周江杰的參選呼籲，他和妻子黃書婷結婚2年，今天下午卻是第1次穿上婚紗，前往的不是結婚禮堂而是新竹縣選委會辦理參選登記，因為他希望鄉親用看待結婚這等大是的態度，看待民主選舉，神聖投下手中的1票。 除了勞動黨，綠黨今年也在新竹縣提名1名縣議員參選人周江杰。 34歲的周江杰是國立政治大學新聞所博士班學生，他和目前在客委會服務的妻子黃書婷，是政大公共行政所碩士班同學。 2年前他們結婚，卻另類的選擇不拍婚紗照、不穿白紗就攜手共渡一生。因為周江杰最近3、4年致力環保工作，黃書婷認為他應該參選，改善居住環境，創造地方豐富的教育資源等，像帶給她幸福一樣帶給家鄉幸福。所以這次周江杰在黃書婷鼓勵下，用「幸福議員」參選竹東選區的縣議員。 今天中午過後，周江杰騎腳踏車從竹東出發，一路往位於竹北市的新竹縣選委會挺進，黃書婷則首度披上白紗，梳妝打扮好，在選委會門口等候夫婿。 2人會合後用幸福喜悅的心情一起辦理參選登記，同時也呼籲鄉親「選舉跟結婚一樣，要選對人！」給他們支持。"
"2014-09-04 15:19:43","綠黨竹縣議員參選人周江杰 偕妻著婚紗登記",http://news.ltn.com.tw/news/politics/breakingnews/1098015,"〔記者黃美珠／竹縣報導〕「選舉跟結婚一樣，要選對人！」這是綠黨提名、新竹縣竹東選區縣議員參選人周江杰的參選呼籲，他和妻子黃書婷結婚2年，今天下午卻是第1次穿上婚紗，前往的不是結婚禮堂而是新竹縣選委會辦理參選登記，因為他希望鄉親用看待結婚這等大是的態度，看待民主選舉，神聖投下手中的1票。 除了勞動黨，綠黨今年也在新竹縣提名1名縣議員參選人周江杰。 34歲的周江杰是國立政治大學新聞所博士班學生，他和目前在客委會服務的妻子黃書婷，是政大公共行政所碩士班同學。 2年前他們結婚，卻另類的選擇不拍婚紗照、不穿白紗就攜手共渡一生。因為周江杰最近3、4年致力環保工作，黃書婷認為他應該參選，改善居住環境，創造地方豐富的教育資源等，像帶給她幸福一樣帶給家鄉幸福。所以這次周江杰在黃書婷鼓勵下，用「幸福議員」參選竹東選區的縣議員。 今天中午過後，周江杰騎腳踏車從竹東出發，一路往位於竹北市的新竹縣選委會挺進，黃書婷則首度披上白紗，梳妝打扮好，在選委會門口等候夫婿。 2人會合後用幸福喜悅的心情一起辦理參選登記，同時也呼籲鄉親「選舉跟結婚一樣，要選對人！」給他們支持。"
"2014-09-04 14:49:53",周江杰騎單車20餘里登記縣議員候選,http://udn.com/NEWS/BREAKINGNEWS/BREAKINGNEWS3/8915107.shtml,"【聯合報╱記者羅緗綸╱即時報導】 2014.09.04 02:42 pm 新竹縣竹東選區參選人周江杰今天下午2點響應綠能環保，從竹東騎單車到位在竹北的縣選委會，完成登記縣議員候選，他的妻子黃書婷著婚紗，還有朋友陪騎，過程溫馨。 今天在黃曆中並不是好日子，上午現任縣議員高偉凱辦登記，認為，人少不會加重選務人員負擔，因而挑這一天；下午，獲綠黨推荐的周江杰騎單車來登記，表示會為守護竹東家鄉環境努力。 http:\/\/uc.udn.com.tw\/NEWS\/MEDIA\/8915107-3536244.jpg?sn=14098118746931 新竹縣竹東選區參選人周江杰今天下午2點從竹東騎單車到縣選委會完成登記縣議員候選，妻子黃書婷著婚紗相伴，過程溫馨。記者羅緗綸／攝影   http:\/\/uc.udn.com.tw\/NEWS\/MEDIA\/8915107-3536244.jpg?sn=14098118746931"
"2014-09-04 14:49:53",周江杰騎單車20餘里登記縣議員候選,http://udn.com/NEWS/BREAKINGNEWS/BREAKINGNEWS3/8915107.shtml,"【聯合報╱記者羅緗綸╱即時報導】 2014.09.04 02:42 pm 新竹縣竹東選區參選人周江杰今天下午2點響應綠能環保，從竹東騎單車到位在竹北的縣選委會，完成登記縣議員候選，他的妻子黃書婷著婚紗，還有朋友陪騎，過程溫馨。 今天在黃曆中並不是好日子，上午現任縣議員高偉凱辦登記，認為，人少不會加重選務人員負擔，因而挑這一天；下午，獲綠黨推荐的周江杰騎單車來登記，表示會為守護竹東家鄉環境努力。 http:\/\/uc.udn.com.tw\/NEWS\/MEDIA\/8915107-3536244.jpg?sn=14098118746931 新竹縣竹東選區參選人周江杰今天下午2點從竹東騎單車到縣選委會完成登記縣議員候選，妻子黃書婷著婚紗相伴，過程溫馨。記者羅緗綸／攝影   http:\/\/uc.udn.com.tw\/NEWS\/MEDIA\/8915107-3536244.jpg?sn=14098118746931"
"2014-09-05 08:39:45","〈北部〉綠黨周江杰登記 妻著婚紗吸睛",http://news.ltn.com.tw/news/local/paper/810613,"〔記者黃美珠、洪美秀／新竹報導〕新竹縣、市參選登記熱昨天稍緩，仍但有多名吸睛參選人現身，其中綠黨提名的新竹縣議員參選人周江杰和太太黃書婷穿上婚紗走入選委會，呼籲鄉親「選舉跟結婚一樣，要選對人！」 大凶日登記 黃彥儒破迷信 此外，標榜政治改革的基進側翼政治團體在新竹市推出在地青年黃彥儒參選香山區市議員，黃彥儒昨天選擇農民曆「日值月破，大事不宜」的大凶日登記，他說，希望破除迷信，期許為竹市政治帶來改革新氣象。 勞動黨高偉凱 登記選議員 勞動黨這次全國只有四名參選人，全都在新竹縣。其中參選縣議員高偉凱和參選新埔鎮代陳新源都獲提名，芎林鄉石潭村長參選人邱創桂、關西鎮石光里要連任的里長嚴盛任則是自行參選。 綠黨今年在新竹縣市各提名一人，新竹縣的代表就是周江杰。高偉凱昨天十一點率先登記；下午兩點，周江杰和陳新源則各自在縣選委會和新埔選務中心辦理。三人現身都手拿高偉凱所書的布條，表明參選心跡。 周江杰本身是荒野的成員，目前是政大新聞研究所博士班學生外，還在竹東、五峰從事補救教學的研究工作。他兩年前和妻子黃書婷結婚卻另類的選擇不拍婚紗照、不穿白紗就攜手共度一生。"
"2014-09-05 08:39:45","〈北部〉綠黨周江杰登記 妻著婚紗吸睛",http://news.ltn.com.tw/news/local/paper/810613,"〔記者黃美珠、洪美秀／新竹報導〕新竹縣、市參選登記熱昨天稍緩，仍但有多名吸睛參選人現身，其中綠黨提名的新竹縣議員參選人周江杰和太太黃書婷穿上婚紗走入選委會，呼籲鄉親「選舉跟結婚一樣，要選對人！」 大凶日登記 黃彥儒破迷信 此外，標榜政治改革的基進側翼政治團體在新竹市推出在地青年黃彥儒參選香山區市議員，黃彥儒昨天選擇農民曆「日值月破，大事不宜」的大凶日登記，他說，希望破除迷信，期許為竹市政治帶來改革新氣象。 勞動黨高偉凱 登記選議員 勞動黨這次全國只有四名參選人，全都在新竹縣。其中參選縣議員高偉凱和參選新埔鎮代陳新源都獲提名，芎林鄉石潭村長參選人邱創桂、關西鎮石光里要連任的里長嚴盛任則是自行參選。 綠黨今年在新竹縣市各提名一人，新竹縣的代表就是周江杰。高偉凱昨天十一點率先登記；下午兩點，周江杰和陳新源則各自在縣選委會和新埔選務中心辦理。三人現身都手拿高偉凱所書的布條，表明參選心跡。 周江杰本身是荒野的成員，目前是政大新聞研究所博士班學生外，還在竹東、五峰從事補救教學的研究工作。他兩年前和妻子黃書婷結婚卻另類的選擇不拍婚紗照、不穿白紗就攜手共度一生。"
"2014-09-05 03:49:54","新竹／「最凶日」登記參選 拚絕地逢生",http://udn.com/NEWS/NATIONAL/NATS5/8916340.shtml,"【聯合報╱記者羅緗綸、莊旻靜、李青霖／連線報導】 2014.09.05 03:40 am http:\/\/uc.udn.com.tw\/NEWS\/MEDIA\/8916340-3536883.jpg?sn=14098591642481 綠黨周江杰昨天從竹東騎單車到竹北，妻子黃書婷穿婚紗陪他登記，過程溫馨。 記者羅緗綸／攝影 儘管黃曆書明「日值月破，大事不宜」，昨天新竹縣、市仍有參選人完成登記，相信「絕地可逢生」。「最凶之日」一般政治人物都避開，縣市長無人登記，縣、市議員僅兩人。新竹縣議員部分是高偉凱與周江杰；新竹市則有台大副教授王銘宗及基進側翼政治團體推薦的年輕人黃彥儒。 周江杰是綠黨推薦人選，響應環保，從竹東騎單車到竹北，約20公里，他選竹東區議員，像辦婚禮一樣，女友黃書婷著婚紗、朋友陪騎祝賀。 高偉凱屬勞動黨，選竹北區議員，寫得一手好字，登記後拿出「工人不大，團結最大」、「有錢看採茶，沒錢買笠麻」書法，也幫周江杰寫了「選舉和結婚一樣，要選對人」，成為周登記時的口號。 鄉鎮市部分，羅俊敏登記五峰鄉長，竹東鄭朝日、新埔陳新源、羅志堅、峨眉張芝瑋、尖石蔡清郎、五峰錢光輝6人選代表；竹北隘口蔡家邦、新埔寶石黃登耀、尖石秀巒林阿華3人選村里長。 新竹市議員中，57歲台大副教授王銘宗登記北區，是美國普渡大學工業工程博士，專長全面品管、人力資源管理、全球運籌與物流管等，也關心兩性議題與弱勢照護。 基進側翼政團推薦黃彥儒選香山區；他說，最凶日登記，除破迷信，也希望以政治民主化、主權自主化和社會自由化為目標，帶入新氣象；里長部分6人登記，總計162人參選。 http:\/\/uc.udn.com.tw\/NEWS\/MEDIA\/8916340-3536883.jpg?sn=14098591642481"
"2014-10-13 11:00:14","爭活動中心 上館國小家長會校門拉白布條抗議",http://news.ltn.com.tw/news/life/breakingnews/1129661,"〔記者蔡孟尚／竹東報導〕新竹縣上館國小家長會爭取設置學生活動中心，今天上午在校門前拉起白布條抗議縣政府沒有善意回應；縣議員參選人周江杰也在校門旁豎起超大看板，質疑競選連任的縣長邱鏡淳：「說好的幸福呢？還我上館學生活動中心！」 新竹縣政府教育處長邱乾國上午為此到校和家長座談，並就5年前學生活動中心工程動土後出現的訴訟問題及經過向家長們做報告；邱鏡淳部分尚未有立即回應，但他先前曾透過幕僚表示，上館國小活動中心一案是前縣長鄭永金任內爆發的發包瑕疵。 參選下屆縣長的鄭永金本人上午也到上館國小和家長們面對面座談，他強調：「在我任內都已經舉辦動土典禮了，怎麼會有問題？」「家長們已經忍耐5年，我當選後一定盡快來蓋。」 「我們不是二等縣民，還上館一億的活動中心！」「政府承諾上館活動中心，孩子們都被騙了！」上館國小校門旁圍牆被多名家長掛上白布條，他們還請送孩子到校的其他家長簽名連署支持盡快興建活動中心。 這些家長說，民國98年底活動中心工程動土，但後續卻一直沒動靜，他們的孩子在天候不佳時上體育課要忍受日曬雨淋，連畢業典禮都得商借校外場地舉辦，孩子們不方便，他們跟著心痛。"
"2014-10-14 06:11:40","〈北部〉竹縣上館學生活動中心拖5年 家長轟縣府騙人",http://news.ltn.com.tw/news/local/paper/821297,"〔記者蔡孟尚／竹東報導〕新竹縣上館國小家長會爭取設置學生活動中心，昨天在校門前拉起白布條，抗議縣府未善意回應；縣議員參選人周江杰也在校門旁豎起超大看板，質疑競選連任的縣長邱鏡淳：「說好的幸福呢？還我上館學生活動中心！」​ 新竹縣府教育處長邱乾國為此到校和家長們座談，並就五年前學生活動中心工程動土後出現的訴訟問題及經過做報告，他也概括承擔行政責任，向家長們致歉。 參選下屆縣長的前縣長鄭永金也到上館國小和家長們面對面座談，他強調：「在我任內都已經舉辦動土典禮了，怎麼會有問題？」、「家長們已經忍耐五年，我當選後一定盡快來蓋。」 「政府承諾上館活動中心，孩子們都被騙了！」上館國小校門旁圍牆被多名家長掛上白布條，家長會長劉貴玉講到激動處還哽咽落淚。 邱鏡淳競選總部表示，上館國小因承攬廠商執行過程有瑕疪，縣府作成解除契約的決定，廠商雖提起訴訟，本案在今年四月經最高法院判決縣府勝訴，這是鄭永金任內爆發的發包瑕疵，縣府也已持續規劃上館國小活動中心興建案。"
"2014-10-17 20:20:11",興建上館國小活動中心　縣府、校方宣誓,http://news.cts.com.tw/nownews/society/201410/201410171520941.html,"竹東鎮上館國小17日上午舉行興建活動中心宣誓活動，縣長邱鏡淳表示，「縣府全力支持活動中心興建」，並與家長會在學生「給縣長爺爺的一封信」中簽名表達承諾，學童們載歌載舞，「謝謝邱爺爺給上館孩子最大的禮物」，氣氛歡樂。 上館國小活動中心宣誓活動，學童用舞蹈以及客家組曲表演揭幕，並宣讀「給縣長爺爺的一封信」，「期許興建的活動中心，能夠符合最棒的，最人性化規模。」而學生也表示「衷心感謝邱爺爺，對於上館孩子的承諾。 邱鏡淳縣長與竹東鎮長徐兆璋、縣議員上官秋燕、盧東文、郭遠彰、羅吉祥以及上館國小家長會會長劉貴玉、榮譽會長蕭仁城、家長會顧問周江杰等多人一同在信中簽名。邱縣長說，縣府已核定補助第一期經費1千萬元，進行規劃設計、監造，將符合師生及社區需求，以最快速度辦理活動中心興建。 教育處長邱乾國指出，縣府並非不蓋活動中心，因興建案於98年10月決標，但統包廠商遭檢舉違法且事證明確，縣府於99年3月依政府採購法規定解除契約，全案進入司法程序處理，直至今年4月最高法院才判決縣府勝訴。而興建案因進入司法程序，縣府無法編列預算規劃，判決出來告一段落後，縣府盡速辦理。 目前已核定補助上舘國小興建活動中心第一期經費1千萬元，並請學校以新台幣1億元為原則進行規劃，其餘所需工程經費等規畫設計以及完成審議後核定，並於105年度預算編列支應。"
"2014-11-06 16:09:41",新竹縣各政黨選將百家爭鳴,http://news.ltn.com.tw/news/politics/breakingnews/1150529,"〔記者黃美珠／竹縣報導〕新竹縣這次的5合1選舉很熱鬧，除了必然的老將、新秀交鋒，參與的政黨也很多，常見的國、民兩大黨，或無黨籍人士固然是最多人的團體，勞動黨在全國的「唯3」候選人也在這裡上陣，新興的樹黨，或已經發展有年的綠黨、中華統一促進黨也都派出選將投入，百家爭鳴，也讓鄉親看到更多不同的政治主張。 這次在新竹縣的國民黨主力戰將當然就是縣長候選人邱鏡淳，民進黨方面領軍的是縣黨部主委林昭錡，他要挑戰縣議員席位。 無黨籍的縣長候選人鄭永金更是近來全國火熱的話題人物。發展有年的中華統一促進黨這次在竹北市民代表也推出候選人張美珠。 有趣的是，都市化程度、人口數等連桃園都追不上的新竹縣，因是台灣解嚴後工運的重鎮，也因此勞動黨這次派出全國的「唯3」候選人都在此，分別是：要連任的縣議員高偉凱、關西鎮石光里長嚴盛任，以及參選新埔鎮代的政治素人、「還我清淨霄裡溪自救會」總幹事陳新源。 其中高偉凱、陳新源經過勞動黨正式提名，嚴盛任雖用無黨籍身分參選，卻是創黨元老之一。 綠黨今年也提名1名縣議員候選人周江杰。他是荒野保護協會成員，現為國立政治大學新聞所博士班學生，很早就在其選區所在的竹東、五峰進行補救教學的研究，關心地方環保、教育等議題。 今年8月底才成立的樹黨，一口氣在竹北市代的第1、2選區，分別推出高民晟、許育綸出馬。 高民晟是國立交通大學資訊工程研究所碩士，他自許只要能有機會上壘，將透過他所學的專長，一邊發展竹北的文創產業，另方面用網路行銷竹北，為鄉親服務。 只有30歲的許育綸則主張要讓竹北市民1人1樹，要在俗稱「老竹北」的竹北市西區，比照高鐵特區，打造1處可以提昇整體生活環境品質的水圳公園，平衡竹北東、西2地的發展。"
"2014-11-09 03:39:49","小黨選將拚出頭 用從政改變家鄉",http://udn.com/NEWS/NATIONAL/NATS4/9053815.shtml,"【聯合報╱記者莊旻靜／竹北報導】 2014.11.09 03:32 am http:\/\/uc.udn.com.tw\/NEWS\/MEDIA\/9053815-3606215.jpg?sn=14154751175151 樹黨竹北聯合競選總部昨天成立，代表樹黨參選竹北市民代表的許育綸（左二）、高民晟（左三）皆為政治素人，首度參與選戰。 記者莊旻靜／攝影 今年新竹縣五合一選舉，勞動黨、樹黨、綠黨等黨派，都推舉人選參選，其中僅勞動黨籍的高偉凱為現任，七年級政治素人也投入選戰，盼能從政，改變自己的居住地。 高偉凱五年前異軍突起，在竹北市參選時，不僅以「上班族代言人」為口號，擁台大碩士學歷，為他加分不少，成為勞動黨第一位縣市議員當選；，今年勞動黨也推舉陳新源，參選新埔鎮第二選區鎮民代表，陳新源長年關注霄裡溪議題，上次補選失利，這次選舉重來，有望為勞動黨爭取一席。 代表綠黨參選新竹縣議員的周江杰，是土生土長在地竹東人，擁有政大碩士學歷，關注霄里溪等地方公共議題，十分活躍，他以從政方式，盼能實現理想，並讓家鄉、居住之地朝正向的目的邁進。 八月才成立的樹黨，在竹北市民代表層級中，推出高民晟、許育綸分別參選竹北第一選區及第二選區，兩人同樣擁有高學歷及願景。樹黨竹北聯合競選總部昨天成立，高民晟說，原先厭惡政治，但考慮到女兒的未來，以及政府對土地的不公義，因此投入選舉，希望能將竹北市營造成溫馨、幸福的住家，而非臨時停留的宿舍；自10月以來，高民晟也邀請環境、文創、農業等領域專家，舉辦大樹角講故事講座，分享相關經驗給民眾。 許育綸年僅30歲，他父親許明輝致詞時，提到登記日截止之前，許育綸請雙親領表，他雖不訝異但也不同意，不過許育綸以「改變政治環境的先鋒」說服雙親，義無反顧投入選舉，以老屋活化再生、催生老竹北水圳公園及一人一樹認養等政見，改變竹北市的生態。 http:\/\/uc.udn.com.tw\/NEWS\/MEDIA\/9053815-3606215.jpg?sn=14154751175151"
"2014-11-11 11:59:35",候選人私設發光型廣告遭點名　竹縣上演看板大戰,http://www.ettoday.net/news/20141111/424455.htm,"http:\/\/static.ettoday.net\/images\/805\/d805772.jpg \r ▲新竹縣長候選人鄭永金。 （圖／鄭永金後援會臉書） \r 地方中心／新竹縣報導 \r 選戰激烈的新竹縣，許多候選人的選舉廣告、布條、看板，到處張貼、懸掛，縣長參選人鄭永金與縣議員參選人傅文忠還為此事對簿公堂，另外湖口鄉議員候選人吳菊花更直接遭「點名」，私自在馬路口架設發光型廣告看板，影響市容。 \r ▼新竹縣長邱鏡淳力拼連任。（圖／東森新聞） \r http:\/\/static.ettoday.net\/images\/752\/d752934.jpg \r 鄭永金9月在縣內多處路口設置看板，質疑邱鏡淳如何在任內快速還清2千萬元負債，被邱鏡淳控告違反選罷法；事後國民黨提名縣議員候選人傅文忠以廣告稱「鄭永金涉貪污案後，您又要因誹謗案再度跑法院了！」被鄭控告，新竹地檢署認為兩案都不構成「不實謠言」均不起訴結案。 \r ▼國民黨提名新竹縣議員參選人傅文忠。 （圖／忠愛竹北-傅文忠行動服務團隊臉書） \r http:\/\/static.ettoday.net\/images\/807\/d807477.jpg \r 鄭、邱看板恩怨還不只一樁，鄭永金競選總部10月指出，邱陣營在竹北中華路和光明六路口競選看板高懸屋頂且突出建築外，一旦吹起九降風易遭吹落砸到民眾或是車子。 \r 邱鏡淳競選總部回擊，指鄭陣營9月曾發生看板遭風吹垮一事，鄭設在關西鎮消防局對面的看板，前方有掉落的路樹樹枝，請鄭陣營澄清是否有為了設看板而砍樹？ \r http:\/\/static.ettoday.net\/images\/807\/d807481.jpg \r ▲國民黨提名新竹縣第2選區（湖口鄉）議員參選人吳菊花。 （圖／國民黨網站） \r 另外，湖口鄉議員候選人吳菊花被點名，私自在馬路口架設發光型廣告看板，影響市容。縣府工務處表示，民眾若認為各項選舉廣告、布條、看板對環境造成影響，也可以向環保機關提出投訴。 \r 新竹縣長選舉候選人 \r 1號葉芳棟、2號邱鏡淳、3號鄭永金、4號莊作兵。 \r 新竹縣議員選舉候選人 \r 第一選區：1號楊敬賜、2號林群森、3號陳見賢、4號杜文中、5號林為洲、6號蘇明輝、7號郭鴻德、8號葉芬英、9號傅文忠、10號蔡志環、11號鄭美琴、12號高偉凱、13號邱靖雅、14號陳凱榮、15號林保光。  \r 第二選區：1號吳菊花、2號甄克堅、3號吳淑君、4號黃永傳、5號陳柏維、6號張春鳳。  \r 第三選區：1號鄭清漢、2號羅春蘭、3號黃金樓、4號張鎮榮、5號吳寀璇、6號吳傳地、7號陳林金玉。  \r 第四選區：1號陳玉蟾、2號劉良彬、3號嚴永秋、4號羅吉燾。  \r 第五選區：1號楊連湧、2號范曰富、3號賴江海、4號張玟源。  \r 第六選區：1號張志弘、2號溫文結、3號蔡維邦。 \r 第七選區：1號林政良。  \r 第八選區：1號林昭錡、2號羅吉祥、3號彭余美玲、4號周江杰、5號黃秀龍、6號郭遠彰、7號彭怡君、8號上官秋燕、9號吳勝松、10號林思銘、11號劉珈愷。  \r 第九選區：1號邱振瑋。  \r 第十選區：1號陳正順、2號彭紹松、3號彭進添。  \r 第十一選區：1號彭文彬、2號林光榮。  \r 第十二選區：1號黃比德、2號柔夏．布待、3號雲翔、4號范坤松。 \r 第十三選區：1號趙一先、2號張定中、3號凱撒巴燕。"
"2014-11-17 12:49:33",竹縣議員五選區「母雞帶小雞」　老將新秀聯合競選,http://www.ettoday.net/news/20141117/426837.htm,"地方中心／新竹縣報導 \r 新竹縣議員第五（新埔）選區4搶2，3名老將張玟源、賴江海、范曰富回鍋參選、各有優勢，包括張玟源曾當過副議長；新埔鎮長賴江海擁有行政資源；鎮代楊連湧與范曰富聯合競選，呈現彼此競爭卻又相互提攜的狀況。 \r http:\/\/static.ettoday.net\/images\/815\/815616.jpg \r ▲新竹縣議員第五選區4號候選人張玟源。（圖／新竹縣議會網站） \r 張玟源本名張幸源，曾擔任新竹縣地方記者、連任三屆縣議員，還當上副議長並短暫代理過議長職務，他擔任新竹縣地方產業交流中心總經理期間，讓越南紅太陽馬戲團進駐，關西迎風館從此擺脫「蚊子館」惡名，為當地帶來不少觀光人潮。如今張想把過去從政的經驗複製到新埔，為自己的家鄉貢獻。 \r http:\/\/static.ettoday.net\/images\/815\/815630.jpg \r ▲新竹縣議員第五選區3號候選人賴江海。（圖／新竹縣議會網站） \r 賴江海從政21年，經歷為新埔鎮民代表會代表、副主席、 議員、鎮長，地方基層實力雄厚，他自認擔任鎮長8年多，讓新埔財政更好，也完成了田新區段徵收，如今希望卸下鎮長職後，回議會繼續為鄉親服務。 \r 范曰富從政經歷跟賴江海相似，當過代表、副主席、鎮長和縣議員，他近年雖無公職仍繼續關心當地弱勢；里長出身的楊連湧現為鎮民代表，這次選戰借范曰富的豐富經驗和人脈，塑造一加一大於二的雙品牌 ，兩人採用「母雞帶小雞」的方式，深耕基層聯合競選，希望贏得選民支持。 \r ▼新竹縣議員第五選區1號候選人楊連湧。 （圖／新埔鎮公所官網） \r http:\/\/static.ettoday.net\/images\/815\/d815637.jpg \r 新竹縣議員選舉候選人 \r 第一選區：1號楊敬賜、2號林群森、3號陳見賢、4號杜文中、5號林為洲、6號蘇明輝、7號郭鴻德、8號葉芬英、9號傅文忠、10號蔡志環、11號鄭美琴、12號高偉凱、13號邱靖雅、14號陳凱榮、15號林保光。 \r 第二選區：1號吳菊花、2號甄克堅、3號吳淑君、4號黃永傳、5號陳柏維、6號張春鳳。 \r 第三選區：1號鄭清漢、2號羅春蘭、3號黃金樓、4號張鎮榮、5號吳寀璇、6號吳傳地、7號陳林金玉。 \r 第四選區：1號陳玉蟾、2號劉良彬、3號嚴永秋、4號羅吉燾。 \r 第五選區：1號楊連湧、2號范曰富、3號賴江海、4號張玟源。 \r 第六選區：1號張志弘、2號溫文結、3號蔡維邦。 \r 第七選區：1號林政良。 \r 第八選區：1號林昭錡、2號羅吉祥、3號彭余美玲、4號周江杰、5號黃秀龍、6號郭遠彰、7號彭怡君、8號上官秋燕、9號吳勝松、10號林思銘、11號劉珈愷。 \r 第九選區：1號邱振瑋。 \r 第十選區：1號陳正順、2號彭紹松、3號彭進添。 \r 第十一選區：1號彭文彬、2號林光榮。 \r 第十二選區：1號黃比德、2號柔夏．布待、3號雲翔、4號范坤松。 \r 第十三選區：1號趙一先、2號張定中、3號凱撒巴燕。"
"2014-11-21 06:29:25","竹縣選將端牛肉 老人福利交鋒",http://www.chinatimes.com/newspapers/20141121001700-260107,"2014年11月21日 04:10 中國時報 魯鋼駿／竹縣報導  \r      \r           \r             力拚連任的新竹縣長邱鏡淳（後排中）昨天提出新利多，表示縣府的敬老愛心卡未來在國光號上「嘛也通」。（魯鋼駿攝）\r           \r             \r               \r               \r               \r             \r          新竹縣長、縣議員候選人第2場公辦政見會20日移至竹東鎮客家戲曲公園舉行，4名縣長候選人除發表各自政見外，也針對老人年金議題提出不同看法，希望在高齡人口較多的竹東地區爭取「老人票」。 邱鏡淳維持排富發放；鄭永金要全面發放年金；葉芳棟則推出「不排富、不重複」方案；而莊作兵則認為要先解決縣府財政問題，從根本著手。  OneAD InRead 廣告插入點  if (typeof(ONEAD) !== \undefined\){ONEAD.cmd = ONEAD.cmd || [];ONEAD.cmd.push(function(){ONEAD_slot('div-inread-ad', 'inread');});}  邱鏡淳表示，他上任時遭監察院跟內政部來函糾正，才會決定比照中央實施國民年金排富標準，實施後，2012年從負債422億減至387億，更榮獲商業周刊評比「改善地方財政的模範生」，這是全體縣民的努力。 同時，邱鏡淳也宣布老人福利政見，將會擴大竹縣府「敬老愛心卡」電子票證的使用範圍，增加國光客運「台北至竹東代號100」、「台北至竹東經員樹林代號110」、「台北至竹東經關西代號120」3條路線，讓「敬老愛心卡」票證在國光號上「嘛也通」。 「問題不在排不排富，而是在邱鏡淳說謊騙老人家，不尊重老人家」，鄭永金則說，他當8年縣長，每年都發老人年金，邱鏡淳5年前承諾的老人年金卻在上任後跳票，批邱「沒誠信、信用破產」。 政見部分，鄭永金則提出要在竹北的高速公路左右2旁規畫增建跨溪大橋，疏緩竹北到竹科的上下班車潮；並規畫頭前溪兩岸高灘地，連結成為「頭前溪綜合型運動河濱公園」，提供民眾休閒運動的相關設施。 除縣長候選人邱鏡淳、鄭永金、葉芳棟與莊作兵分別抽籤依序上台發表政見，還有竹東第8選區與山地、平地原住民的縣議員候選人，包括林昭錡、周江杰、趙一先、彭余美玲與上官秋燕參加。"
"2014-11-29 22:49:52",快訊／新竹縣議員當選名單出爐,http://www.ettoday.net/news/20141129/431067.htm,"http:\/\/static.ettoday.net\/images\/835\/835119.jpg \r ▲新竹縣議員當選名單出爐。 （圖／中選會網站） \r 政治中心／新竹縣報導 \r 九合一地方公職人員選舉開票結果公布，中選會網站也陸續公布新竹縣議員當選名單。 \r 新竹縣第01選區 楊敬賜6,442票 \r 陳見賢7,812票 \r 林為洲5,636票 \r 蘇明輝3,910票 \r 葉芬英4,421票 \r 鄭美琴3,733票 \r 高偉凱5,827票 \r 邱靖雅11,560票 \r 陳凱榮4,198票 \r 林保光4,280票 \r 新竹縣第02選區 \r 吳菊花6,815票 \r 吳淑君7,537票 \r 黃永傳6,746票 \r 陳栢維7,242票 \r 張春鳳5,387票 \r 新竹縣第03選區 \r 鄭清漢4,980票 \r 羅春蘭2,185票 \r 張鎮榮7,061票 \r 吳傳地6,804票 \r 新竹縣第04選區 \r 劉良彬5,948票 \r 嚴永秋6,401票 \r 新竹縣第05選區 \r 范曰富7,417票 \r 賴江海4,901票 \r 新竹縣第06選區 \r 張志弘4,735票 \r 新竹縣第07選區 \r 林政良11,049票 \r 新竹縣第08選區 \r 羅吉祥7,085票 \r 彭余美玲5,608票 \r 周江杰4,402票 \r 郭遠彰4,398票 \r 吳勝松5,710票 \r 林思銘5,667票 \r 新竹縣第09選區 \r 邱振瑋7,781票 \r 新竹縣第10選區 \r 陳正順5,274票 \r 議員選舉候選人號次： \r 第一選區：1號楊敬賜、2號林群森、3號陳見賢、4號杜文中、5號林為洲、6號蘇明輝、7號郭鴻德、8號葉芬英、9號傅文忠、10號蔡志環、11號鄭美琴、12號高偉凱、13號邱靖雅、14號陳凱榮、15號林保光。 \r 第二選區：1號吳菊花、2號甄克堅、3號吳淑君、4號黃永傳、5號陳栢維、6號張春鳳。 \r 第三選區：1號鄭清漢、2號羅春蘭、3號黃金樓、4號張鎮榮、5號吳寀璇、6號吳傳地、7號陳林金玉。 \r 第四選區：1號陳玉蟾、2號劉良彬、3號嚴永秋、4號羅吉燾。 \r 第五選區：1號楊連湧、2號范曰富、3號賴江海、4號張玟源。 \r 第六選區：1號張志弘、2號溫文結、3號蔡維邦。 \r 第七選區：1號林政良。 \r 第八選區：1號林昭錡、2號羅吉祥、3號彭余美玲、4號周江杰、5號黃秀龍、6號郭遠彰、7號彭怡君、8號上官秋燕、9號吳勝松、10號林思銘、11號劉珈愷。 \r 第九選區：1號邱振瑋。 \r 第十選區：1號陳正順、2號彭紹松、3號彭進添。 \r 第十一選區：1號彭文彬、2號林光榮。 \r 第十二選區：1號黃比德、2號柔夏．布待、3號雲翔、4號范坤松。 \r http:\/\/static.ettoday.net\/images\/835\/d835099.jpg \r ▲九合一選舉，22縣市中，國民黨只拿下6席，民進黨13席，無黨籍3席。（圖／視覺設計王君仁製圖） \r ▼九合一大選開票結果來了！ \r http:\/\/static.ettoday.net\/images\/829\/d829697.jpg \r ●【台北市】 市長、議員當選名單、票數一次看！ \r ●【新北市】 市長、議員當選名單、票數一次看！ \r ●【桃園市】 市長、議員當選名單、票數一次看！ \r ●【台中市】 市長、議員當選名單、票數一次看！ \r ●【台南市】 市長、議員當選名單、票數一次看！ \r ●【高雄市】 市長、議員當選名單、票數一次看！"
"2014-11-29 21:49:58",快訊／綠黨議員候選人　竹縣周江杰、桃市王浩宇當選,http://www.ettoday.net/news/20141129/432467.htm,"政治中心／台北報導  \r 台灣政黨綠黨於台灣各地推出10名候選人，2014地方公職人員選舉29日下午4時投票結束，隨即進行開票。綠黨推出之新竹縣議員候選人周江杰以4,142票當選，及桃園市議員(中壢選區)候選人王浩宇以15,591票當選。  http:\/\/static.ettoday.net\/images\/834\/d834928.jpg  ▲綠黨宣傳口號。（圖／取自綠黨臉書粉絲團）  \r 綠黨推出10名候選人，基隆市議員(七堵選區)候選人張明麗、新北市議員(淡水、八里、石門、三芝選區)候選人王鐘銘、新北市議員(土城、樹林、三峽、鶯歌選區)候選人楊木萬、桃園市議員(桃園選區)候選人羅岳峰、桃園市議員(平鎮選區)候選人湯琳翔、桃園市議員(中壢選區)候選人 王浩宇、新竹縣議員(竹東、五峰選區)候選人周江杰、高雄市議員(三民區)候選人梁益誌、澎湖縣議員(馬公選區)候選人傅靜凡、台北市里長(中正區文祥里)候選人張安東。  \r 綠黨共同政見有廢除核四，核電歸零、開放議會，選制改革、多元成家、友善校園、及推動簽署兩岸人權協議等。 \r ▼九合一大選開票結果來了！ \r http:\/\/static.ettoday.net\/images\/829\/d829697.jpg \r ●【台北市】 市長、議員當選名單、票數一次看！ \r ●【新北市】 市長、議員當選名單、票數一次看！ \r ●【桃園市】 市長、議員當選名單、票數一次看！ \r ●【台中市】 市長、議員當選名單、票數一次看！ \r ●【台南市】 市長、議員當選名單、票數一次看！ \r ●【高雄市】 市長、議員當選名單、票數一次看！ \r ●【其他縣市】 市長、議員當選名單、票數一次看！ \r ▼【大選懶人包】任何細節都不錯過！ \r http:\/\/static.ettoday.net\/images\/829\/d829698.jpg"
"2014-11-29 21:49:58",快訊／綠黨議員候選人　竹縣周江杰、桃市王浩宇當選,http://www.ettoday.net/news/20141129/432467.htm,"政治中心／台北報導  \r 台灣政黨綠黨於台灣各地推出10名候選人，2014地方公職人員選舉29日下午4時投票結束，隨即進行開票。綠黨推出之新竹縣議員候選人周江杰以4,142票當選，及桃園市議員(中壢選區)候選人王浩宇以15,591票當選。  http:\/\/static.ettoday.net\/images\/834\/d834928.jpg  ▲綠黨宣傳口號。（圖／取自綠黨臉書粉絲團）  \r 綠黨推出10名候選人，基隆市議員(七堵選區)候選人張明麗、新北市議員(淡水、八里、石門、三芝選區)候選人王鐘銘、新北市議員(土城、樹林、三峽、鶯歌選區)候選人楊木萬、桃園市議員(桃園選區)候選人羅岳峰、桃園市議員(平鎮選區)候選人湯琳翔、桃園市議員(中壢選區)候選人 王浩宇、新竹縣議員(竹東、五峰選區)候選人周江杰、高雄市議員(三民區)候選人梁益誌、澎湖縣議員(馬公選區)候選人傅靜凡、台北市里長(中正區文祥里)候選人張安東。  \r 綠黨共同政見有廢除核四，核電歸零、開放議會，選制改革、多元成家、友善校園、及推動簽署兩岸人權協議等。 \r ▼九合一大選開票結果來了！ \r http:\/\/static.ettoday.net\/images\/829\/d829697.jpg \r ●【台北市】 市長、議員當選名單、票數一次看！ \r ●【新北市】 市長、議員當選名單、票數一次看！ \r ●【桃園市】 市長、議員當選名單、票數一次看！ \r ●【台中市】 市長、議員當選名單、票數一次看！ \r ●【台南市】 市長、議員當選名單、票數一次看！ \r ●【高雄市】 市長、議員當選名單、票數一次看！ \r ●【其他縣市】 市長、議員當選名單、票數一次看！ \r ▼【大選懶人包】任何細節都不錯過！ \r http:\/\/static.ettoday.net\/images\/829\/d829698.jpg"
"2014-11-30 15:39:51","創黨18年首次 綠黨奪2席議員",http://udn.com/NEWS/BREAKINGNEWS/BREAKINGNEWS1/9100907.shtml,"【聯合報╱記者黃驛淵╱即時報導】 2014.11.30 03:36 pm 九合一大選落幕，綠黨打破創黨18年來的歷史記錄，首次在地方選舉中獲得兩席議員，包括桃園市中壢區的王浩宇，以及新竹縣竹東鎮五峰鄉的周江杰當選縣議員。綠黨表示，除感謝一路以來所有支持的公民，綠黨也會依循著「政治代理人公約」，持續與選民一起監督政治代理人並貫徹政見。 綠黨表示，王浩宇這次獲得1萬6269票，是該區第二高票，也被喻為是新世代網路票轉為實體票的代表；而長期在家鄉竹東地區投入較教育弱勢、土地環境的周江杰則獲得4402票，也同樣跳脫派系背景受到選民支持。"
"2014-11-30 08:59:13",【公庫】綠黨九合一大選選後聲明,http://www.appledaily.com.tw/realtimenews/article/politics/20141130/515731/%E3%80%90%E5%85%AC%E5%BA%AB%E3%80%91%E7%B6%A0%E9%BB%A8%E4%B9%9D%E5%90%88%E4%B8%80%E5%A4%A7%E9%81%B8%E9%81%B8%E5%BE%8C%E8%81%B2%E6%98%8E,"http:\/\/imgorg.appledaily.com.tw\/appledaily\/images\/pen_icon.png 本內容由公庫提供 感謝今天台灣所有投票給綠黨的選民，謝謝你們挺好的人選、挺好的政黨，你們是台灣新政治的開拓者，你們就是台灣社會「挺好的」選民！今天是綠黨繼 1996 年後，十八年來首次有候選人當選的關鍵時刻，對開創新政治的意義非凡！   綠黨在本次九合一選舉中有桃園（中壢）王浩宇、新竹縣（竹東、五峰）周江杰，兩位地方縣市議員候選人當選。   綠黨是全世界的環境政黨，我們用在地的行動，連結全球 91 個綠黨共同的進步價值。多年來，即便綠黨屢敗屢戰，卻依然不斷有人前仆後繼的加入，試圖透過....(完整內容)  更多公民運動相關資訊可在公庫的「社運發電機」找到！                                                                                                                                         ＜＜即時新聞動起來＞＞  【動即時】：最鄉民的影音頻道  【蘋論陣線】：最新評論及獨立媒體每日總覽  有話要說 投稿「即時論壇」   onlineopinions@appledaily.com.tw"
"2014-11-30 04:09:53","新竹新埔五埔里長 2人平票、周一抽籤",http://udn.com/NEWS/DOMESTIC/DOM3/9100381.shtml,"【聯合報╱記者莊旻靜、林麒瑋／新竹縣報導】 2014.11.30 04:03 am 下屆新竹縣議員選舉出爐，總計36席。竹北市、關西鎮現任議員全壘打，第八選區的周江杰是綠黨籍縣議員，素人參選即當選。唯獨新埔鎮五埔里長選舉，現任里長國民黨籍陳保良男與捲土重來無黨籍前里長戴錦森平票，都獲692票，12月1日抽籤。 竹北市的現任議員皆順利連任，包含國民黨籍的議長陳見賢、副議長林為洲，同黨的林保光，以及勞動黨籍的高偉凱、無黨籍的鄭美琴、蘇明輝，還有民進黨籍葉芬英；竹北市長楊敬賜轉戰縣議員成功，新任議員包含從代表轉戰的邱靖雅（無）、陳凱榮（國）。 湖口鄉則有國民黨籍吳菊花、吳淑君、黃永傳，及無黨籍的陳栢維，和從鄉長轉戰縣議員成功的張春鳳（無）。新豐鄉則有國民黨的張鎮榮、鄭清漢、民進黨籍的吳傳地，而羅春蘭（國）則因婦女保障席次，勝過票數比她高的黃金漢（國），老將吳寀璇（民）則意外落馬。 關西鎮劉良彬（國）、嚴永秋（無）連任成功；新埔鎮則是前鎮長范曰富（國）、卸任鎮長賴江海（國）轉戰成功；橫山及尖石則由張志弘（國）連任；芎林鄉為林政良（國）連任。 竹東、五峰現任的國民黨籍的羅吉祥、郭遠彰、吳勝松、林思銘皆連任，彭余美玲（無）也上榜；綠黨的周江杰初次參選，脫穎而出。寶山鄉的邱振瑋（無）、北埔峨眉的陳正順（國）皆連任，第十一選區平地原住民林光榮連任，第十三選區山地原住民趙一先當選。第十二選區山地原住民最晚開完票，由國民黨籍范坤松當選。"
"2014-11-30 04:09:28","桃竹苗議員 藍綠板塊未變",http://www.chinatimes.com/newspapers/20141130001377-260102,"2014年11月30日 03:18 中國時報 陳育賢、陳慶居、黃筱珮、楊宗灝／綜合報導  \r      \r           \r             不管那個陣營，只要開的票數領先，競選總部前的支持者都會搖旗吶喊，情緒高漲。（甘嘉雯攝）\r           \r             \r               \r               \r               \r             \r          \r           \r             民眾聽到支持的候選人落選，不但不敢置信，甚至有的抱頭痛哭。（蔡依珍攝）\r           \r             \r               \r               \r               \r             \r          \r           \r             桃園市 市議員政黨席次\r           \r             \r               \r               \r               \r             \r          \r           \r             新竹市 市議員政黨席次\r           \r             \r               \r               \r               \r             \r          \r           \r             新竹縣 縣議員政黨席次\r           \r             \r               \r               \r               \r             \r          \r           \r             苗栗縣 縣議員政黨席次\r           \r             \r               \r               \r               \r             \r          9合1選舉落幕，呈現幾家歡樂幾家愁的局面。其中，桃園市議員60席中，國、民兩黨分獲29席及21席，仍維持藍大於綠。竹縣由34席增加至36席，國民黨23席，民進黨減少2席只剩2席，無黨增加1席搶下9席，綠黨增加1席第8選區竹東鎮的周江杰，勞動黨維持1席第1選區的高偉凱。 新竹縣13鄉鎮市長部分，選前最受注目的竹北市長之爭，由議員轉換跑道的無黨籍何淦銘擊敗國民黨提名的前議會議長張碧琴。北埔鄉的國民黨涂春海連任失利，由民進黨姜良明為黨拿下竹縣唯一1席鄉長寶座。五峰鄉3位無黨籍候選人，由秋振昌拿下。  OneAD InRead 廣告插入點  if (typeof(ONEAD) !== \undefined\){ONEAD.cmd = ONEAD.cmd || [];ONEAD.cmd.push(function(){ONEAD_slot('div-inread-ad', 'inread');});}  新竹市議員部分，新當選33席議員中，國民黨增2席為15席、民進黨沒變維持7席，無黨籍減少1席，台聯則攻進1席，藍綠版圖消長不大。國民黨在竹市長許明財連任失利後轉為在野黨，在議會席次未過半的情況下，未來若要強力監督市政勢必需與無黨籍合作。 苗栗縣議員38席議員中，國民黨19席、民進黨4席、無黨籍15席。國民黨這次看是減少6席，但縣黨部主委劉明仁說，連同黨內自行參選、當選者，仍維持在25席優勢，版塊移動有限。 鄉鎮市長部分，國民黨拿下11鄉鎮，無黨籍7鄉鎮市。其中苗栗市長邱炳坤已回復國民黨籍，等同12席；苑裡鎮長杜文卿是民進黨籍，只是以無黨籍參選。"
"2014-11-30 01:40:20",竹縣地方公職人員選舉　縣長投票率68.76%,http://news.cts.com.tw/nownews/society/201411/201411301548753.html,"103年地方公職人員選舉結果揭曉，縣長當選人邱鏡淳。本次縣長投票率68.76%，縣長、鄉鎮市長與議員當選名單如下:\t\t鄉鎮市長當選人:竹北市長何淦銘、竹東鎮長徐兆璋、新埔鎮長林保祿、關西鎮長吳發仁、湖口鄉長林志華、新豐鄉長徐茂淦、芎林鄉長莊雲嬌、橫山鄉長古榮耀、北埔鄉長姜良明、寶山鄉長邱坤桶、峨眉鄉長江寧增、尖石鄉長雲天寶、五峰鄉長秋振昌。\t\t議員當選人第一選區:楊敬賜、陳見賢、林為洲、蘇明輝、葉芬英、鄭美琴、高偉凱、邱靖雅、陳凱榮、林保光。第二選區:吳菊花、吳淑君、黃永傳、陳栢維、張春鳳。第三選區:鄭清漢、羅春蘭、張鎮榮、吳傳地。第四選區: 劉良彬、嚴永秋。第五選區:范曰富、賴江海。第六選區:張志弘。第七選區:林政良。第八選區:羅吉祥、彭余美玲、周江杰、郭遠彰、吳勝松、林思銘。第九選區:邱振瑋。第十選區:陳正順。第十一選區:林光榮。第十二選區:范坤松。第十三選區:趙一先。 \r                       \r                      【更多新聞詳情請上 - 華視新聞網 】"
"2014-11-30 00:29:32","竹縣議員選情  國民黨絕對優勢",http://www.cna.com.tw/news/aloc/201411300007-1.aspx,"（中央社記者游凱翔新竹縣29日電）民國103年新竹縣議員選舉結果出爐，36個席次中，國民黨23席，仍居絕對優勢。民進黨2席、無黨籍9席、勞動黨與綠黨各1席。  縣議員當選名單如下：第一選區（應選10人）：楊敬賜（國）、陳見賢（國）、林為洲（國）、蘇明輝（無）、葉芬英（民）、鄭美琴（無）、高偉凱（勞）、邱靖雅（無）、陳凱榮（國）、林保光（國）。  第二選區（應選5人）：吳菊花（國）、吳淑君（國）、黃永傳（國）、陳栢維（無）、張春鳳（無）。  第三選區（應選4人）：鄭清漢（國）、羅春蘭（無）、張鎮榮（國）、吳傳地（民）。  第四選區（應選2人）：劉良斌（國）、嚴永秋（無）。  第五選區（應選2人）：范曰富（國）、賴江海（國）。  第六選區（應選1人）：張志弘（國）。  第七選區（應選1人）：林政良（國）。  第八選區（應選6人）：羅吉祥（國）、彭余美玲（無）、周江杰（綠）、郭遠彰（國）、吳勝松（國）、林思銘（國）。  第九選區（應選1人）：邱振瑋（無）。  第十選區（應選1人）：陳正順（國）。  第十一選區（應選1人）：林光榮Kuying.Kalang（國）。  第十二選區（應選1人）：范坤松（國）。  第十三選區（應選1人）：趙一先Obay a Awi’（國）。  正確選舉結果，以中央選委會公告為準。1031129"
"2014-11-30 00:29:44","竹縣議員選情  國民黨絕對優勢",http://news.ltn.com.tw/news/society/breakingnews/1170223,"〔中央社〕民國103年新竹縣議員選舉結果出爐，36個席次中，國民黨23席，仍居絕對優勢。民進黨2席、無黨籍9席、勞動黨與綠黨各1席。 縣議員當選名單如下：第一選區（應選10人）：楊敬賜（國）、陳見賢（國）、林為洲（國）、蘇明輝（無）、葉芬英（民）、鄭美琴（無）、高偉凱（勞）、邱靖雅（無）、陳凱榮（國）、林保光（國）。 第二選區（應選5人）：吳菊花（國）、吳淑君（國）、黃永傳（國）、陳(柏)維（無）、張春鳳（無）。 第三選區（應選4人）：鄭清漢（國）、羅春蘭（無）、張鎮榮（國）、吳傳地（民）。 第四選區（應選2人）：劉良斌（國）、嚴永秋（無）。 第五選區（應選2人）：范曰富（國）、賴江海（國）。 第六選區（應選1人）：張志弘（國）。 第七選區（應選1人）：林政良（國）。 第八選區（應選6人）：羅吉祥（國）、彭余美玲（無）、周江杰（綠）、郭遠彰（國）、吳勝松（國）、林思銘（國）。 第九選區（應選1人）：邱振瑋（無）。 第十選區（應選1人）：陳正順（國）。 第十一選區（應選1人）：林光榮Kuying.Kalang（國）。 第十二選區（應選1人）：范坤松（國）。 第十三選區（應選1人）：趙一先Obay a Awi’（國）。 正確選舉結果，以中央選委會公告為準。"
"2014-11-30 00:39:37",竹縣議員國民黨拿下23席　民進黨2席、綠黨1席,http://www.ettoday.net/news/20141130/431065.htm,"http:\/\/static.ettoday.net\/images\/835\/835119.jpg \r ▲新竹縣議員當選名單出爐。 （圖／中選會網站） \r 政治中心／新竹縣報導 \r 九合一公職人員選舉新竹縣議員選舉結果出爐，36個席次中，國民黨23席，仍居絕對優勢。民進黨2席、無黨籍9席、勞動黨與綠黨各1席。 \r 縣議員當選名單如下：第一選區（應選10人）：楊敬賜（國）、陳見賢（國）、林為洲（國）、蘇明輝（無）、葉芬英（民）、鄭美琴（無）、高偉凱（勞）、邱靖雅（無）、陳凱榮（國）、林保光（國）。 \r 第二選區（應選5人）：吳菊花（國）、吳淑君（國）、黃永傳（國）、陳(柏)維（無）、張春鳳（無）。 \r 第三選區（應選4人）：鄭清漢（國）、羅春蘭（無）、張鎮榮（國）、吳傳地（民）。 \r 第四選區（應選2人）：劉良斌（國）、嚴永秋（無）。 \r 第五選區（應選2人）：范曰富（國）、賴江海（國）。 \r 第六選區（應選1人）：張志弘（國）。 \r 第七選區（應選1人）：林政良（國）。 \r 第八選區（應選6人）：羅吉祥（國）、彭余美玲（無）、周江杰（綠）、郭遠彰（國）、吳勝松（國）、林思銘（國）。 \r 第九選區（應選1人）：邱振瑋（無）。 \r 第十選區（應選1人）：陳正順（國）。 \r 第十一選區（應選1人）：林光榮Kuying.Kalang（國）。 \r 第十二選區（應選1人）：范坤松（國）。 \r 第十三選區（應選1人）：趙一先Obay a Awi’（國）。 \r 正確選舉結果，以中央選委會公告為準。 \r http:\/\/static.ettoday.net\/images\/835\/d835099.jpg \r ▲九合一選舉，22縣市中，國民黨只拿下6席，民進黨13席，無黨籍3席。（圖／視覺設計王君仁製圖） \r ▼九合一大選開票結果來了！ \r http:\/\/static.ettoday.net\/images\/829\/d829697.jpg \r ●【台北市】 市長、議員當選名單、票數一次看！ \r ●【新北市】 市長、議員當選名單、票數一次看！ \r ●【桃園市】 市長、議員當選名單、票數一次看！ \r ●【台中市】 市長、議員當選名單、票數一次看！ \r ●【台南市】 市長、議員當選名單、票數一次看！ \r ●【高雄市】 市長、議員當選名單、票數一次看！ \r ●【其他縣市】 市長、議員當選名單、票數一次看！ \r ▼【大選懶人包】任何細節都不錯過！ \r"
"2014-11-30 00:40:13","竹縣／議員選舉 國民黨絕對優勢",http://udn.com/NEWS/BREAKINGNEWS/BREAKINGNEWS3/9100077.shtml,"【中央社╱新竹縣29日電】 2014.11.30 12:30 am 民國103年新竹縣議員選舉結果出爐，36個席次中，國民黨23席，仍居絕對優勢。民進黨2席、無黨籍9席、勞動黨與綠黨各1席。 縣議員當選名單如下：第一選區（應選10人）：楊敬賜（國）、陳見賢（國）、林為洲（國）、蘇明輝（無）、葉芬英（民）、鄭美琴（無）、高偉凱（勞）、邱靖雅（無）、陳凱榮（國）、林保光（國）。 第二選區（應選5人）：吳菊花（國）、吳淑君（國）、黃永傳（國）、陳(柏)維（無）、張春鳳（無）。 第三選區（應選4人）：鄭清漢（國）、羅春蘭（無）、張鎮榮（國）、吳傳地（民）。 第四選區（應選2人）：劉良斌（國）、嚴永秋（無）。 第五選區（應選2人）：范曰富（國）、賴江海（國）。 第六選區（應選1人）：張志弘（國）。 第七選區（應選1人）：林政良（國）。 第八選區（應選6人）：羅吉祥（國）、彭余美玲（無）、周江杰（綠）、郭遠彰（國）、吳勝松（國）、林思銘（國）。 第九選區（應選1人）：邱振瑋（無）。 第十選區（應選1人）：陳正順（國）。 第十一選區（應選1人）：林光榮Kuying.Kalang（國）。 第十二選區（應選1人）：范坤松（國）。 第十三選區（應選1人）：趙一先Obay aAwi’（國）。 正確選舉結果，以中央選委會公告為準。"
"2014-11-30 00:19:48",18年來首次！綠黨攻下兩席市議員,http://news.ltn.com.tw/news/politics/breakingnews/1170215,"〔記者蔡穎／台北報導〕長期以永續價值為理念投入選舉的綠黨，今天在九合一選舉突破18年來空手而回的紀錄，首度攻下桃園、新竹2席縣市議員；綠黨表示，除了感謝一路以來所有支持的公民，對於當選人會依循「政治代理人公約」，持續與選民一起監督政治代理人並貫徹政見。 綠黨在本次九合一選舉中，一舉打破18年來無法突圍的僵局，共獲得2席議員，分別為桃園市中壢區的王浩宇當選市議員，與新竹縣竹東鎮、五峰鄉的周江杰當選縣議員；根據維基百科，綠黨自1996年由高孟定當選第三屆國民大會代表後，就無候選人再當選公職。 今年桃園市中壢區市議員選舉戰況尤其激烈，共計22名候選人投入選舉，超過一半、共14位候選人有政黨推薦，王浩宇最後拿下16269票，得票率9.06%，為該區第二高票；而長期在家鄉竹東地區投入教育弱勢、土地環境議題的周江杰，則獲得4402票，得票率9.97%。 綠黨表示，本次共推出9席縣市議員及1位里長候選人，在2席當選議員之外，其他參選夥伴雖然落選，但開票結果表現不俗，不論當選與否，未來都會持續在地方耕耘議題，並且藉由公開透明的管道，將人民的聲音帶進地方議會。"
"2014-12-01 11:29:14","【環資報導】九合一選後變天  環境政見承諾需持續監督",http://www.appledaily.com.tw/realtimenews/article/new/20141201/516277/%E3%80%90%E7%92%B0%E8%B3%87%E5%A0%B1%E5%B0%8E%E3%80%91%E4%B9%9D%E5%90%88%E4%B8%80%E9%81%B8%E5%BE%8C%E8%AE%8A%E5%A4%A9%E7%92%B0%E5%A2%83%E6%94%BF%E8%A6%8B%E6%89%BF%E8%AB%BE%E9%9C%80%E6%8C%81%E7%BA%8C%E7%9B%A3%E7%9D%A3,"http:\/\/imgorg.appledaily.com.tw\/appledaily\/images\/pen_icon.png 本內容由環境資訊中心提供  九合一大選29日告一段落，對於結果多以「變天」形容，而選前曾提出環境政見，以及簽署友善環境承諾的候選人選況又是如何？環境資訊中心彙整選情，並訪問各倡議團體，提供讀者繼續監督當選人履行承諾。  友善環境做政見  15名候選人當選  以友善環境為基礎政見的候選人部份，共15名上榜，包括綠黨2席、樹黨2席、勞動黨1席、無黨派5席、民進黨5席。  台灣綠黨推出的11名候選人，當選2席，為1996 年後、18年來首遭。綠黨表示，今年地方議會的選舉結果，顯示要打破握有大黨資源、媒體關注與家族勢力的既有結構，依然非常艱難。不過，之後將協助當選的議員王浩宇、周江杰籌組議會的團隊，並嚴守競選期間綠黨對選民與公民團體的承諾、政治代理人公約的監督精神，公開透明所有問政的紀錄與報告，讓選民有機會參與政治。  而今年甫成立、提出「素人翻轉政治」的新政黨樹黨，也奪下2席，分別是集集鎮長陳紀衡與竹北市民代表許育綸，年輕世代在地方選舉中初試啼聲即得到成果，也顯示選民對於改變的渴望及環境理念的支持。  另有無黨籍、民進黨等當選者，皆曾親身參與守護環境的行動。包括反風車行動的苑裡鎮西平里里長陳薈茗、關心內湖保護區的台北市議員高嘉瑜、內湖區大湖里里長洪美惠，參與松菸護樹的台北市議員李慶鋒，反中科搶水的溪州鄉長黃盛祿，卡地布部落反祖靈遷葬的台東市市民代表陳政宗、台東市知本里里長馬捷等，代表在地耕耘、為環境發聲的實際努力獲得了選民肯定...（賴品瑀、詹嘉紋、彭瑞祥／台北訊）  （閱讀完整圖文報導）   【加入環境資訊中心粉絲頁，掌握環境新知！】                                                                                                                                  ＜＜即時新聞動起來＞＞  【動即時】：最鄉民的影音頻道  【蘋論陣線】：最新評論及獨立媒體每日總覽  有話要說 投稿「即時論壇」   onlineopinions@appledaily.com.tw"
"2014-12-02 03:29:45","新竹小黨青年入議會 著眼勞工、環保",http://udn.com/NEWS/DOMESTIC/DOM3/9103661.shtml,"【聯合報╱記者莊旻靜／竹北報導】 2014.12.02 03:20 am http:\/\/uc.udn.com.tw\/NEWS\/MEDIA\/9103661-3633553.jpg?sn=14174579060011 綠黨的周江杰初次參選即上榜，為綠黨在新竹縣議會爭取到一席。 記者莊旻靜／攝影 新竹縣議員選舉結果，竹縣再創奇蹟，綠黨候選人周江杰在竹東選區拿下將近4400票，成功上榜，與順利連任的勞動黨籍高偉凱，成為新竹縣議會中的少數，兩人青年問政，理念接近，也有合作機會。周江杰9月登記後，投入選戰，他認為，這次選舉形式不同以往，理念型政黨有機會出頭，也認為提出的理念可獲不同政黨的選民支持。 勞動黨高偉凱在竹北市拿下第4高票，競選期間不特別強調個人，反而談勞工如何維護自身權益，他在議會問政認真，開票結果，他認為，由於他為台大碩士，無法區分選民究竟是支持勞動黨理念，或者是因他學歷而支持，他說，「勞工才是我們的基本盤。」  http:\/\/uc.udn.com.tw\/NEWS\/MEDIA\/9103661-3633554.jpg?sn=14174579060011 勞動黨高偉凱獲得勞工支持，他認為，台大學歷也為他加分。 記者莊旻靜／攝影 下屆新竹縣議會共有36席次，國民黨有23席、民進黨佔2席、無黨籍則有9席，勞動黨與綠黨各占一席，兩個小黨是否有合作機會？高偉凱直言，「合作當然有可能」，在推動議案時，需要議員連署，同為少數政黨，自然有合作機會。周江杰說，還沒與高偉凱聯繫，但高也關注環境議題，兩人選區不同，未來不僅有合作機會，若他在竹東鎮有勞工相關問題，他會向高偉凱請益，而高在竹北有環境議題，兩人也有交流意見的機會，在議會發揮影響力。 另外，樹黨候選人許育綸在竹北市第二選區拿下第4高票，30歲的許育綸響應「青年佔領政治」，以素人參選即當選，他分析，這代表竹北市民能認同「理念型政黨」並進而支持，未來也會更努力，承受市民的檢驗。 http:\/\/uc.udn.com.tw\/NEWS\/MEDIA\/9103661-3633553.jpg?sn=14174579060011 http:\/\/uc.udn.com.tw\/NEWS\/MEDIA\/9103661-3633554.jpg?sn=14174579060011"
"2014-12-03 23:30:04",第三勢力興起　20到35歲網民大軍來勢洶洶,http://news.tvbs.com.tw/entry/556992,"這次選舉台灣社會出現一股「第三勢力」，這是一股超越藍綠的力量，也代表台灣人民屏棄鋪張浪費，喧嘩吵鬧，政策買票，甚至分化族群的選舉方式，他們想要讓更多元的聲音被聽見，而在沒有政黨奧援之下，他們用「網路」發聲，引起的共鳴不容小覷。       準台北市長柯文哲：「相信民主就是人民當家做主。」      柯文哲除了翻轉市長選舉結果，締造的旋風，讓台灣一股「第三勢力」強勢升溫，什麼叫第三勢力？那就是除了藍綠以外的公民力量。公民組合青年許韋婷：「我們不是一個只有固著在某一個政黨上面的，而是我們會去看就是那一個政黨或是那一個候選人，即使他是無黨的，他能夠受到我們的認同，那我們年輕人就會發揮那個力量去支持他們。」      他們兩位年紀30平時有正職工作，工作之餘他們和一群志同道合的朋友，隱身於網路專門監督國會和政府。公民組合青年許韋婷：「我們年紀大概都是介於20到30歲左右。」      沃草發言人林祖儀：「目前大概有7到8成是在20到35之間。」      沃草《市長給問嗎》影片：「公民崛起運動底限是什麼，這個題目我聽不太懂，其實我也沒有聽得很懂，那就跳過去了。」      別小看他們的網站，沃草成立一年多，po的文章已經有8萬8238人按讚，自製的「國會無雙」議題，用簡單的標語，一張張大照片讓民眾輕鬆理解，甚至幫主角畫上大聲公，有時候還會有卡通圖，把國會硬梆梆的議題變得有趣。      沃草發言人林祖儀：「讓台灣的民眾來參與政治的門檻，能夠更加的降低，就用更簡單的方式來了解說現在國會發生什麼事。」      另外這個公民組合，今年才成立，粉絲已經有1萬1161人，討論的主題都跟年輕人有關。公民組合青年許韋婷：「比較跳脫思為的候選人，他能夠帶給我們比較多新的可能性，然後覺得未來台灣有比較多不一樣的走向。」      如果您要說，這股超越藍綠的第三勢力有成績嗎？有成立18年的綠黨，這次共計獲得兩席議員，桃園市中壢區王浩宇，1萬6269票得票率9.06%，新竹縣竹東鎮五峰鄉的周江杰，4402票得票率9.97%。樹黨參選人林佳諭(2014.11.27)：「選舉不需要花那麼多錢。」      樹黨參選人潘翰聲(2014.11.27)：「我們全台灣所有樹黨的候選人，競選經費還不到台北市一個主流政黨的議員初選經費的一半。」      這次選舉年輕族群投票率超過7成，高於過去平均的6成，除了年輕選票增加，民眾對常規政黨政治越來越疏遠，讓小黨提名和網路議題，從發酵到發光甚至超越主流政黨，而這也意味著台灣前途，不再由少數政商精英壟斷，清新的第三勢力將改變台灣政治生態。"
"2014-12-08 04:05:15",焦點評論：公民社會還沒有贏（李根政）,http://www.appledaily.com.tw/appledaily/article/headline/20141208/36253408/%E7%84%A6%E9%BB%9E%E8%A9%95%E8%AB%96%EF%BC%9A%E5%85%AC%E6%B0%91%E7%A4%BE%E6%9C%83%E9%82%84%E6%B2%92%E6%9C%89%E8%B4%8F%EF%BC%88%E6%9D%8E%E6%A0%B9%E6%94%BF%EF%BC%89,"http:\/\/twimg.edgesuite.net\/images\/thumbnail\/20141208\/36253408_c9efcd515315b39a0214a2533ce34fe1_160x160.jpg 國民黨的慘敗，這是選民向有權者展現，我們有能力教訓國民黨，但還不能說是公民社會真正的勝利。 看新聞不加蘋果粉絲團對嗎?!  國民黨2008年重新執政，極度傾中和一系列圖利財團，欺負老百姓的施政，促成了民心變化。街頭上，社運團體和自主公民，拚了命在抵抗中國併吞及社會不公不義的事。社會運動造出了勢，民進黨搭著這波順風車翻了盤。但是，回顧這改變的過程，民進黨並未善盡在野黨的責任，也沒有給我們一個更好的許諾。\r 別忘了，民進黨在公共政策上與國民黨一致性非常高，而且常常與公民社會的價值和主張對立，當民進黨推動換湯不換藥的錯誤政策時，難道我們還要回頭再投國民黨？為什麼選民只能從二個爛蘋果中輪替挑選？\r 或許有人仍然期待民進黨從擁抱財團大舉轉向，但從過去的中央執政到現在的地方施政的經驗，都告訴我們，與其相信民進黨，不如改變現行兩黨獨大的政治板塊，支持一個真正進步的第三政黨，在兩大黨不過半的國會中，利用關鍵少數，扮演好的槓桿，引導二黨不得不向真正進步的價值靠攏。  訂政治代理人公約綠黨，是一個由社運幹部組成的理想性政黨，遵循全球綠人憲章的核心價值，堅持國家主權、人民自決，追求社會公平正義，子孫的永續生存發展。我們在不利小黨的選制中屢敗屢戰，沒有財團撐腰，只有大眾捐款、公民支持；我們扎根地方並與社運團體連結，認真研擬政策；我們站在街頭演講、騎單車、經營網路社群，取代滿街的大型看板與旗海，以及花大錢的電視與報紙廣告。 本次地方選舉，綠黨終於在艱困的選制中從地方議會突破了2席，而且參選的10人當中有9位拿回保證金，5位可以領到每票30元的補助。這樣的選舉結果談不上大突破，且相較於國、民兩黨的席次，綠黨的席次仍是十分稀少。我們從選舉過程中更體認到：要突破既有政治家族、派系、金錢綁樁的地方政治，還有一條漫漫長路。但是這樣小小的突破，仍讓我們看到新政治的可能。面對落選的選區，我們將虛心檢討更加努力；對於當選的王浩宇、周江杰議員，我們將落實綠黨和參選人簽訂的政治代理人公約，體現對選民負責的政治倫理，同時努力連結公民社會，為地方議會點亮一盞燈。 激發社會追求進步2012年立委選舉，綠黨拿到將近23萬張政黨票，雖低於5%未獲得國會席次，但已成為台灣排名第5的政黨。面對2016大選，我們認為最重要的是：足夠數量和品質的參選人才；提出好的政策，體現公民社會的進步價值；建立一個開放、透明、可問責的政黨運作模式，贏得人民的信賴；創造一個真正好的政治選擇，讓台灣從比爛的政治，走向挺好的政治，激發出台灣社會對政治改革與追求進步價值的熱情，才是公民社會的勝利。 讓政治成為一個正常人的志業，將政治、政黨與人民之間復原成正常的關係，讓台灣成為一個正常的民主國家，這是我的夢想。 台灣綠黨共同召集人   【蘋論陣線】：最新評論及獨立媒體每日總覽  有話要說 投稿「即時論壇」   onlineopinions@appledaily.com.tw"
"2014-12-08 02:16:02",青勢力：解讀「婉君」和「小草」的分流,http://udn.com/NEWS/OPINION/OPI1/9116150.shtml,"【聯合報╱社論】 2014.12.08 02:08 am 九合一選舉，從文宣攻防到投票動員，年輕世代的力量不可小覷，也對選舉結果產生了深刻影響。若將這股力量稱為「青勢力」，青年世代的政治參與在這次選舉中出現兩股分流：一股是活躍在輿論表層的「婉君」（網軍），另一股則是藉選舉潛入政治基層的「民主小草」，兩者各有目標，而後者的長期影響將更可觀。 這次選舉，不僅柯文哲獲得了網友的狂熱支持，青年世代透過社群網站呼籲倒馬、反權貴，也收到了可觀的效果。除此之外，網路世代的另類動員，也促成了一些年輕素人在基層的出線。例如，南投縣集集鎮選出的新鎮長，是年方卅、科技業出身的陳紀衡，他披的是三個月前才從綠黨分裂的「樹黨」戰袍，一舉當選。此外，綠黨這次也誕生了兩名議員，包括全台最年輕的當選人——廿六歲的王浩宇，以第二高票當選桃園市議員；以及仍就讀博士班的周江杰，當選新竹縣議員。 不僅如此，民進黨號召青年競選里長的「民主小草」計畫，共推出四十七名候選人，結果拿下六都的九個里長以及其他縣市的六個鄉鎮民代表。在整個政治的大盤中，這些「小草」所占的比率雖然不高，但年輕世代願意從養分貧瘠的基層開拓耕耘，藉由不斷植入較新穎的理念，應能持續顛覆台灣傳統的基層政治經營模式，久而久之，或許能產生開枝散葉的效果。從這點看，是值得樂觀的發展，這當然也是國民黨必須警惕的事。 近幾年，從大埔事件到都更抗爭，從洪仲丘事件到太陽花學運，台灣社會各項訴諸正義的抗爭，前線的戰鬥主力屢屢由新世代擔綱，擎起了「世代正義」的大旗。這和世界風起雲湧的青年示威、茉莉花革命，乃至占領華爾街運動一樣，都是全球化衝擊引發世代緊張的一環，台灣亦未倖免。這次的選舉結果，正是這股青年憤怒積累之後的總爆發。 從表層看，網路上這些成天敲著鍵盤沸沸揚揚的各路「婉君」，他們創造議題的能力是強大的，他們透過社群網路散播訊息的速度是驚人的，他們心中的憤怒也是極真實的。但深一層看，這些婉君們宣洩情緒的方式是缺乏節制的，他們探討問題的方式有時流於非理性，他們面對生命、處理挫折的態度則是不太瞻前顧後的。也因此，政府面對這股「青勢力」，除了呼應他們的想法與需要，如何引導他們走出憤怒的循環，如何讓他們透過參與了解社會問題的本質和解決之道，如何提升他們看待人生及國家格局的眼光，恐怕都不可或缺。 也因此，當即將接任副閣揆的張善政提到未來施政將把「婉君」和年輕人放在心上時，他必須意識到，政府不能只是提出一些「小確幸」措施，就想要籠絡網路世代；或以為培養一支網路大軍，就能馴服新世代。如果那樣的話，不僅是抓錯處方開錯藥，可能更收到反效果。關鍵不在「婉君」的喧囂野火，而在現實的世代矛盾；政府必須正視價值與實踐的世代遷移，並設法解決經濟、社會、政治各層面的世代矛盾，才是根本之道。 再回到新世代的立場看，面對自己因時代變化而流失的機會，年輕族群與其躲在網路自艾自怨，或游擊於街頭抗議發洩情緒，不如進入政治親自尋求體制的改革力量，或許能產生更大的能量。這次選舉，國民黨因缺乏作為而大敗，民進黨因缺乏作為而大勝，都顯示民主政治已面臨嚴重的功能性障礙。其中癥結，究竟是政經制度需要徹底改弦更張，或者是國家資源分配制度必須重新調整，只有讓更多新血投入政治，才能發現解決之道。從這點看，「民主小草」的植根基層，便具有更積極的意義。 台灣的正義課題，基本上是「階級差距」大過「世代差距」，這是年輕世代必須認清的方向。這次選舉，人們已領略了「青勢力」的奔放，而從「婉君」與「小草」的分流看，新世代浮泛的不滿若能轉為實際的政治參與，應更有助改善青年自身的處境。"
"2014-12-08 00:05:21",公民社會還沒有贏,http://www.appledaily.com.tw/realtimenews/article/forum/20141208/520027/%E5%85%AC%E6%B0%91%E7%A4%BE%E6%9C%83%E9%82%84%E6%B2%92%E6%9C%89%E8%B4%8F,"作者：李根政（台灣綠黨共同召集人）  國民黨的慘敗，這是選民向有權者展現，我們有能力教訓國民黨，但還不能說是公民社會真正的勝利。  國民黨2008年重新執政，極度傾中和一系列圖利財團，欺負老百姓的施政，促成了民心變化。街頭上，社運團體和自主公民，拚了命在抵抗中國併吞及社會不公不義的事。社會運動造出了勢，民進黨搭著這波順風車翻了盤。但是，回顧這改變的過程，民進黨並未善盡在野黨的責任，也沒有給我們一個更好的許諾。  別忘了，民進黨在公共政策上與國民黨一致性非常高，而且常常與公民社會的價值和主張對立，當民進黨推動換湯不換藥的錯誤政策時，難道我們還要回頭再投國民黨？為什麼選民只能從二個爛蘋果中輪替挑選？  或許有人仍然期待民進黨從擁抱財團大舉轉向，但從過去的中央執政到現在的地方施政的經驗，都告訴我們，與其相信民進黨，不如改變現行兩黨獨大的政治板塊，支持一個真正進步的第三政黨，在兩大黨不過半的國會中，利用關鍵少數，扮演好的槓桿，引導二黨不得不向真正進步的價值靠攏。  綠黨，是一個由社運幹部組成的理想性政黨，遵循全球綠人憲章的核心價值，堅持國家主權、人民自決，追求社會公平正義，子孫的永續生存發展。我們在不利小黨的選制中屢敗屢戰，沒有財團撐腰，只有大眾捐款、公民支持；我們扎根地方並與社運團體連結，認真研擬政策；我們站在街頭演講、騎單車、經營網路社群，取代滿街的大型看板與旗海，以及花大錢的電視與報紙廣告。  本次地方選舉，綠黨終於在艱困的選制中從地方議會突破了2席，而且參選的10人當中有9位拿回保證金，5位可以領到每票30元的補助。這樣的選舉結果談不上大突破，且相較於國、民兩黨的席次，綠黨的席次仍是十分稀少。我們從選舉過程中更體認到：要突破既有政治家族、派系、金錢綁樁的地方政治，還有一條漫漫長路。但是這樣小小的突破，仍讓我們看到新政治的可能。面對落選的選區，我們將虛心檢討更加努力；對於當選的王浩宇、周江杰議員，我們將落實綠黨和參選人簽訂的政治代理人公約，體現對選民負責的政治倫理，同時努力連結公民社會，為地方議會點亮一盞燈。  2012年立委選舉，綠黨拿到將近23萬張政黨票，雖低於5%未獲得國會席次，但已成為台灣排名第5的政黨。面對2016大選，我們認為最重要的是：足夠數量和品質的參選人才；提出好的政策，體現公民社會的進步價值；建立一個開放、透明、可問責的政黨運作模式，贏得人民的信賴；創造一個真正好的政治選擇，讓台灣從比爛的政治，走向挺好的政治，激發出台灣社會對政治改革與追求進步價值的熱情，才是公民社會的勝利。  讓政治成為一個正常人的志業，將政治、政黨與人民之間復原成正常的關係，讓台灣成為一個正常的民主國家，這是我的夢想。                                                                                                                                  ＜＜即時新聞動起來＞＞  【動即時】：最鄉民的影音頻道  【蘋論陣線】：最新評論及獨立媒體每日總覽  有話要說 投稿「即時論壇」   onlineopinions@appledaily.com.tw"
"2014-12-25 12:45:38","竹縣正副議長 國民黨張鎮榮、陳見賢當選",http://news.ltn.com.tw/news/politics/breakingnews/1189663,"〔記者黃美珠／竹縣報導〕新竹縣議會今天早上改選議長、副議長，總共36席議員中，雖然臨時出現勞動黨高偉凱和綠黨周江杰搭檔參選議長和副議長，他們雖彼此互挺，使得高偉凱、周江杰各自在議長、副議長選舉中都拿到2票，但仍不敵國民黨的組合張鎮榮和陳見賢。張鎮榮以33票、陳見賢獲得32票，各自高票當選議長和副議長。 至於2席民進黨縣議員中，新豐選區的新科議員吳傳地，在議長和副議長2場選舉中，統統票投自己。 另外，選副議長時，一名議員原因不明投給已經當選議長的張鎮榮，票開出來時一度令全場錯愕。 張鎮榮當選後，陳見賢好風度跟他握手致意，他們2人在新竹地院庭長陳健順監誓、消防署長葉吉堂監交下，宣誓就職，縣長邱鏡淳、前縣長范振宗等，以及許多鄉親都到場觀禮。 張鎮榮是現任新竹縣工業會、中華民國水上救生協會新竹市分會等社團理事長，也曾任國際獅子會300G1區總監，在商界和社團有跨縣市的充沛人脈。 他說，很感謝議會同仁的支持，他會善用這樣的人和，以及跨縣市的人脈，以團結、和諧為重，協助縣府帶領新竹縣更繁榮發達。"
"2014-12-25 12:15:27","竹縣正副議長 張鎮榮、陳見賢當選",http://www.chinatimes.com/realtimenews/20141225002852-260407,"2014年12月25日 12:12 中時即時 陳育賢  \r      \r           \r             新竹縣議會25日上午舉行正、副議長選舉投票，最後由張鎮榮高票當選。（陳育賢攝）\r           \r             \r               \r               \r               \r             \r          \r           \r             新竹縣議會25日上午舉行正、副議長選舉投票，最後由張鎮榮高票當選。（陳育賢攝）\r           \r             \r               \r               \r               \r             \r          \r           \r             新竹縣議會25日上午舉行正、副議長選舉投票，最後由張鎮榮高票當選。（陳育賢攝）\r           \r             \r               \r               \r               \r             \r          \r           \r             新竹縣議會正、副議長由國民黨的張鎮榮（左）與陳見賢當選。（陳育賢攝）\r           \r             \r               \r               \r               \r             \r          \r           \r             新竹縣議會正、副議長由國民黨的張鎮榮（左）與陳見賢當選，2人隨後宣誓就任。（陳育賢攝）\r           \r             \r               \r               \r               \r             \r          新竹縣第18屆議員25日上午9點整宣誓就職，新科、連任、轉換跑道回鍋當選的「回娘家」議員，上午陸續報到，並拍攝定裝照，大夥像辦喜事般互相道賀，隨後並選舉正、副議長，最後沒有意外，由國民黨籍的張鎮榮以33票當選議長，副議長則由陳見賢以32票當選，過程平和順利。 此屆新竹縣議員增加兩席，來到36席次，其中24席連任，12席新任，國民黨席次減為23席，民進黨2席，無黨增加2席搶下9席，綠黨增加1席第8選區竹東鎮的周江杰，勞動黨維持1席第1選區竹北市的高偉凱。 此次原本上任議長陳見賢有意連任議長，不過，首次參選即在新豐選區拿下最高票的新科議員張鎮榮也勢在必得，加上原副議長林為洲也希望連任副議長，選前選情相當緊繃。 不過，由於3位議員都屬國民黨籍，最後經國民黨縣黨部等協調，最後達成共識，由張鎮榮披掛上陣競選議長寶座，陳見賢退而選副議長，林為洲則退出副議長選舉，今天上午開票，結果與預期相同，過程相當順利，所有議員隨後也向新科正、副議長道賀。 議長部分，除了張鎮榮拿下33票外，勞動黨的高偉凱拿下2票，民進黨的吳傳地1票；副議長部分，陳見賢拿下32票，綠黨的周江杰2票，先前已高票拿下議長寶座的張鎮榮竟也有1票，民進黨的吳傳地1票。 張鎮榮當選議長後首先向前議長陳見賢與前副議長林為洲道謝，感謝2人為了議會和諧，1位願意退居副議長，1位則是讓出副議長選舉，成就竹縣議會的大團結。 他並表示，未來將配合縣長邱鏡淳的施政，議會除了盡監督義務外，更會為了竹縣的建設與縣府積極合作，為縣民的福祉努力。  OneAD InRead 廣告插入點  if (typeof(ONEAD) !== \undefined\){ONEAD.cmd = ONEAD.cmd || [];ONEAD.cmd.push(function(){ONEAD_slot('div-inread-ad', 'inread');});}"
"2014-12-25 11:15:46","竹縣議長張鎮榮  副議長陳見賢",http://udn.com/NEWS/BREAKINGNEWS/BREAKINGNEWS3/9150711.shtml,"【聯合晚報╱記者羅緗綸╱即時報導】 2014.12.25 11:12 am 新竹縣正副議長選舉，由張鎮榮以33票當選議長、陳見賢以32票當選副議長，新竹縣長邱鏡淳到場道賀；張、陳2人都是國民黨籍。 新任議員就職，本屆竹縣最年輕議員綠黨周江杰，今天一早從竹東騎單車到竹北的新竹縣議會報到就職，他在候選登記時，也騎單車到縣選委會辦理登記。 新竹縣第18屆縣議員共36席，國民黨23席、民進黨2席、無黨籍9席，勞動黨和綠黨各1席，國民黨獲優勢。 議長投票上，勞動黨高偉凱獲2票，民進黨吳傳地獲1票；副議長投票上，綠黨周江標獲2票、民進黨吳傳地1票、國民黨張鎮榮1票。 http:\/\/uc.udn.com.tw\/NEWS\/MEDIA\/9150711-3656161.jpg?sn=14194768475931 新竹縣正副議長選舉、開票，過程平和。記者羅緗綸／攝影   http:\/\/uc.udn.com.tw\/NEWS\/MEDIA\/9150711-3656161.jpg?sn=14194768475931"
"2014-12-26 08:45:39","〈北部〉竹縣議長換人 新科議員張鎮榮當選",http://news.ltn.com.tw/news/local/paper/842131,"〔記者黃美珠／竹縣報導〕新竹縣議會第十八屆議員昨天就職且改選議長、副議長，雖有勞動黨高偉凱、綠黨周江杰突然殺出搭檔競爭正副議長，但實力遠不及國民黨推出的「張陳」配，最後由新科議員張鎮榮成功進軍議長寶座，原議長陳見賢則退居副手當選副議長。 新竹縣議會本屆有三十六席議員，張鎮榮、陳見賢均獲三十二票，勞動黨高偉凱、綠黨周江杰互挺各獲兩票，至於兩席民進黨縣議員中，新豐選區的新科議員吳傳地，議長和副議長統統票投自己，被譽為「新竹縣綠營殘存的骨氣」。 另外選副議長時，一名議員原因不明投給已經當選議長的張鎮榮，票開出來時一度令全場錯愕。 為了迎接這場四年一度的盛事，新竹縣議會昨天不僅舖了紅毯，同仁們個個精心打扮迎接，讓新科議員們如走星光大道般亮麗進場，還安排現場梳裝打扮、拍照留念。 張鎮榮、陳見賢雙雙當選後，彼此風度地相互握手致意，隨後在新竹地院庭長陳健順監誓、消防署長葉吉堂監交下宣誓就職。 張鎮榮是現任新竹縣工業會、中華民國水上救生協會新竹市分會等社團理事長，也曾任國際獅子會300G1區總監，在商界和社團有跨縣市的充沛人脈。他說，很感謝議會同仁支持，他會善用這樣的人和，和跨縣市的人脈，以團結、和諧為重，協助縣府帶領新竹縣更繁榮發達。"
"2014-12-30 06:15:40","〈北部〉新竹縣議會議長選舉 指葉芬英跑票 民進黨要開鍘",http://news.ltn.com.tw/news/local/paper/843177,"〔記者黃美珠／竹縣報導〕新竹縣議會本屆議長、副議長選舉，也有民進黨籍議員跑票，縣黨部主委林昭錡說，昨天接獲中央黨部指示，指黨籍縣議員葉芬英沒有依照中央黨部指示「票投自己」，反而跑票轉投藍營，近期將召開執評委會議祭出黨紀，相關懲處將跟各縣市一樣的標準，一切依照中央的指示辦理。 對此，葉芬英本人並沒有接聽電話，留言也沒回。 葉芬英丈夫、前縣議員張木海則替她喊冤說，要說葉芬英跑票要拿得出證據！但他又以個人立場，強調他說的話代表葉芬英，表示新竹縣的選舉以宗親為主，他身為竹北市張姓宗親會會長，國民黨推派的議長參選人張鎮榮不僅是宗親，還是每次參與宗親會熱絡的會員，他不支持宗親說不過去。 張木海還說，民進黨在新竹縣議會根本無法形成黨團，議長、副議長選舉也沒有黨籍的候選人，如果有黨籍的候選人，他們自然應該力挺，但實情並沒有，不能等同台南等縣市的狀況而論。 新竹縣議會卅六席議員中，國民黨有廿三席，民進黨兩席，無黨籍九席，剩下兩席分別是勞動黨和綠黨。本屆議長、副議長選舉，有國民黨的張鎮榮和陳見賢、勞動黨高偉凱與綠黨周江杰兩組人馬競爭。 議長部分，國民黨張鎮榮獲得卅三票、勞動黨高偉凱兩票、民進黨吳傳地一票。張鎮榮當選。 副議長部分，國民黨陳見賢卅二票、綠黨周江杰兩票、民進黨吳傳地一票、國民黨張鎮榮一票，由陳見賢當選。"
"2015-01-03 04:15:25",薛呈懿、周江杰選擇守護家鄉,http://www.chinatimes.com/newspapers/20150103000661-260102,"2015年01月03日 04:10 中國時報 蔡百蕙、白宜君／專訪  \r      \r           \r             薛呈懿小檔案\r           \r             \r               \r               \r               \r             \r          \r           \r             周江杰小檔案\r           \r             \r               \r               \r               \r             \r          年僅25歲的薛呈懿是個愛笑的女生，十足鄰家女孩類型。這樣的一個年輕女孩，在沒有經驗、沒有資源下，意外當選宜蘭縣議員。周江杰今年34歲，在九合一選舉中，為綠黨在竹東、五峰選區拿下議員第5高票，也是最年輕的新竹縣議員。 這場選戰，薛呈懿選前評估，很可能高票落選；從社運路線走向政壇的周江杰不諱言：「若沒有太陽花學運效應，可能不會當選。」  OneAD InRead 廣告插入點  if (typeof(ONEAD) !== \undefined\){ONEAD.cmd = ONEAD.cmd || [];ONEAD.cmd.push(function(){ONEAD_slot('div-inread-ad', 'inread');});}  太年輕、太菜是薛呈懿的劣勢，她卻將它反轉成優勢，例如把許多有趣的競選活動製作成短片上網，其中一場到羅東夜市的快閃行動，以真人喬裝成會走路的紙箱，邊發文宣、邊朝夜市前進，待紙箱全部集合，拼出「薛呈懿、選正義」等六個字後，薛呈懿和幾個年輕人大跳麥可．傑克森的舞步，接著快閃消失，這支影片上網後，2天內有100多人分享，觸及9萬多人。 回顧過去一年，薛呈懿表示，考上台大、睡在立院、投入競選、當選議員，一切既突然又神奇，唯一不變的是，「我仍為了守護環境回到家鄉。」未來4年，她最重視的是攸關宜蘭土地開發的區域計畫法，包括氣候變遷下地方發展如何因應，「問政的聲音中，海岸線沒有票、山林沒有票、農田沒有票」，但這些是宜蘭價值和精神中很重要的一環。 目前就讀政大新聞所博士班的周江杰，從海德堡大學交換學生回到台灣，在家鄉竹東邊寫論文邊關心地方事務，才發現地方上的環保與教育議題令他憂心。 在軟橋特定農業區內，他發現十多年來濫採砂石的非法事件無法阻絕，在農地上挖出一個又一個大洞；竹東許多國中會考全年級都只拿到C的成績，偏鄉孩童教育問題因學制改變愈發嚴重。 周江杰曾在中南美洲流浪半年，沿著切格瓦拉的摩托車路線，感受革命情懷；也曾在學運期間，在行政院外聲援。說起青年參政，他認為青年在街頭抗議，召喚出對公共事務的關懷靈魂後，還是要回地方扎根，「開啟對話，才不會兩邊虛耗。」"
"2015-01-03 04:15:25",薛呈懿、周江杰選擇守護家鄉,http://www.chinatimes.com/newspapers/20150103000661-260102,"2015年01月03日 04:10 中國時報 蔡百蕙、白宜君／專訪  \r      \r           \r             薛呈懿小檔案\r           \r             \r               \r               \r               \r             \r          \r           \r             周江杰小檔案\r           \r             \r               \r               \r               \r             \r          年僅25歲的薛呈懿是個愛笑的女生，十足鄰家女孩類型。這樣的一個年輕女孩，在沒有經驗、沒有資源下，意外當選宜蘭縣議員。周江杰今年34歲，在九合一選舉中，為綠黨在竹東、五峰選區拿下議員第5高票，也是最年輕的新竹縣議員。 這場選戰，薛呈懿選前評估，很可能高票落選；從社運路線走向政壇的周江杰不諱言：「若沒有太陽花學運效應，可能不會當選。」  OneAD InRead 廣告插入點  if (typeof(ONEAD) !== \undefined\){ONEAD.cmd = ONEAD.cmd || [];ONEAD.cmd.push(function(){ONEAD_slot('div-inread-ad', 'inread');});}  太年輕、太菜是薛呈懿的劣勢，她卻將它反轉成優勢，例如把許多有趣的競選活動製作成短片上網，其中一場到羅東夜市的快閃行動，以真人喬裝成會走路的紙箱，邊發文宣、邊朝夜市前進，待紙箱全部集合，拼出「薛呈懿、選正義」等六個字後，薛呈懿和幾個年輕人大跳麥可．傑克森的舞步，接著快閃消失，這支影片上網後，2天內有100多人分享，觸及9萬多人。 回顧過去一年，薛呈懿表示，考上台大、睡在立院、投入競選、當選議員，一切既突然又神奇，唯一不變的是，「我仍為了守護環境回到家鄉。」未來4年，她最重視的是攸關宜蘭土地開發的區域計畫法，包括氣候變遷下地方發展如何因應，「問政的聲音中，海岸線沒有票、山林沒有票、農田沒有票」，但這些是宜蘭價值和精神中很重要的一環。 目前就讀政大新聞所博士班的周江杰，從海德堡大學交換學生回到台灣，在家鄉竹東邊寫論文邊關心地方事務，才發現地方上的環保與教育議題令他憂心。 在軟橋特定農業區內，他發現十多年來濫採砂石的非法事件無法阻絕，在農地上挖出一個又一個大洞；竹東許多國中會考全年級都只拿到C的成績，偏鄉孩童教育問題因學制改變愈發嚴重。 周江杰曾在中南美洲流浪半年，沿著切格瓦拉的摩托車路線，感受革命情懷；也曾在學運期間，在行政院外聲援。說起青年參政，他認為青年在街頭抗議，召喚出對公共事務的關懷靈魂後，還是要回地方扎根，「開啟對話，才不會兩邊虛耗。」"
"2015-01-06 22:12:50","抓住客家青年的心  客委會座談熱烈",http://udn.com/NEWS/BREAKINGNEWS/BREAKINGNEWS3/9171985.shtml,"【聯合報╱記者王慧瑛╱即時報導】 2015.01.06 10:06 pm 青年是牽動世代與社會前進的動力，客委會現階段施政以青年為主要對象，為聽取青年心聲與建言，分區舉辦「客家青年政策座談會」，對人才培育困境、活化客庄、傳承文化等議題有精彩討論。客委會將蒐集可行意見，化作具體政策，抓住青年的心。 新竹場座談會由元智大學承辦、中央大學客家學院協辦，今天在交大客家文化學院登場，關心客家政策的青年人坐滿會場。六年級的新竹縣新科議員周江杰、新竹縣竹東鎮代會副主席鄭朝日、芎林鄉民代表鄭昱芸等人，出席為青年發聲；新竹地區文史、產業工作者也踴躍參與。 與會學者有交大客家文化學院院長張維安、交大人社系副教授羅烈師、元智大學社會與政策科學系教授丘昌泰及劉阿榮、中央大學客家學院教授王俐容等。 張維安建議，安排客家人、非客家人進客庄發揮行銷點子，推動客家子弟寒暑假返鄉服務及海外客家社區服務等，都是讓青年人與客庄產生連結的可行做法。 羅烈師認為，客家青年領袖營、客家會議等，應放手讓青年人規劃，尊重新世代思維。 鄭朝日提到，他常思考一場場客家產業活動後，能為地方留下什麼？是否做到文化扎根與發揚？有助解決當前客家問題嗎？ 周江杰則提出「政府該不該介入？」另面向觀點，他認為，政府介入看似帶入資源，卻也壓抑創意，「有時政府的補助是毒藥」。 客家青年定義是年滿18至35歲的青年人，涵蓋屬人、屬地及屬事主義，也就是具客家血緣或能說客語者；或居住在客庄的青年人；或願意到客庄服務或創業的年輕人。希望網羅多元技能的青年到客庄做事、在客庄實現理想。 http:\/\/uc.udn.com.tw\/NEWS\/MEDIA\/9171985-3665083.jpg 竹東鎮代會副主席鄭朝日提到，他常思考一場場客家產業活動後，能為地方留下什麼。記者王慧瑛\/攝影   http:\/\/uc.udn.com.tw\/NEWS\/MEDIA\/9171985-3665084.jpg 客委會現階段施政以青年為主要對象，為聽取青年心聲與建言，分區舉辦「客家青年政策座談會」，新竹場今天在交大客家文化學院登場。記者王慧瑛\/攝影   http:\/\/uc.udn.com.tw\/NEWS\/MEDIA\/9171985-3665085.jpg 客委會現階段施政以青年為主要對象，為聽取青年心聲與建言，分區舉辦「客家青年政策座談會」，新竹場今天在交大客家文化學院登場。記者王慧瑛\/攝影   http:\/\/uc.udn.com.tw\/NEWS\/MEDIA\/9171985-3665087.jpg 客委會現階段施政以青年為主要對象，為聽取青年心聲與建言，分區舉辦「客家青年政策座談會」，新竹場今天在交大客家文化學院登場。記者王慧瑛\/攝影   http:\/\/uc.udn.com.tw\/NEWS\/MEDIA\/9171985-3665088.jpg 客委會現階段施政以青年為主要對象，為聽取青年心聲與建言，分區舉辦「客家青年政策座談會」，新竹場今天在交大客家文化學院登場。記者王慧瑛\/攝影   http:\/\/uc.udn.com.tw\/NEWS\/MEDIA\/9171985-3665088.jpg http:\/\/uc.udn.com.tw\/NEWS\/MEDIA\/9171985-3665084.jpg http:\/\/uc.udn.com.tw\/NEWS\/MEDIA\/9171985-3665087.jpg http:\/\/uc.udn.com.tw\/NEWS\/MEDIA\/9171985-3665083.jpg http:\/\/uc.udn.com.tw\/NEWS\/MEDIA\/9171985-3665085.jpg"
